name,price_inr,per,pack,ingredients,composition_strength,form,brand,maker,category,group,seller_page
0.03mg Yasmin Tablet,600,Strip,Box,',21 Tablets,Tablet,',',Infertility & Women’s Health,Women's Health,https://www.newlifeimpex.com/infertility-medicine-and-womens-health.html#0-03mg-yasmin-tablet
0.5mg Eurepa Repaglinide Tablets IP,180,Strip,15 tablets strips / Stripe,Repaglinide,0.5 mg,Tablet,Eurepa 0.5 mg,Torrent,Weight Loss & Anti-Diabetic,Metabolic & Endocrine,https://www.newlifeimpex.com/weight-loss-and-anti-diabetic-medicine.html#0-5mg-eurepa-repaglinide-tablets-ip
1% Ivermectin Ivrea Soap,119,Box,75G / Box,Ivermectin,1 %,"Soap, shampoo",Ivera,',Antiparasitic & Antimalarial,Anti-Infectives,https://www.newlifeimpex.com/anti-parasitic-and-anti-malarial-medicines.html#1-ivermectin-ivrea-soap
100 mg sildenafil Lovegra Oral Jelly,190,Pack,7 POUCH / Pouch,Sildenafil,SILDENAFIL JELLY · 100 mg,Syrup or liquid,',',Men's Health & Erectile Dysfunction,Men's Health,https://www.newlifeimpex.com/mens-health-erectile-dysfunction-drugs.html#100-mg-sildenafil-lovegra-oral-jelly
10000IU Vintor Erythropoietin Injection,960,Piece,',Erythropoietin,Erythropoietin · 10000 IU,Injection,Vintor,Gennova,Anemia,Hematology,https://www.newlifeimpex.com/anemia-medicine.html#10000iu-vintor-erythropoietin-injection
10000IU Wepox Erythropoietin Injection,700,Piece,',Erythropoietin,Erythropoietin Injection IP 10000 IU (r-DNA origin),Injection,Wepox 10000 IU,Wockhardt Ltd,Anemia,Hematology,https://www.newlifeimpex.com/anemia-medicine.html#10000iu-wepox-erythropoietin-injection
1000mg Carbophage Metformin Tablets,45,Strip,Box,Metformin,1000 mg,Tablet,',',Weight Loss & Anti-Diabetic,Metabolic & Endocrine,https://www.newlifeimpex.com/weight-loss-and-anti-diabetic-medicine.html#1000mg-carbophage-metformin-tablets
1000mg Valacvir Valacyclovir Tablets,500,Strip,Blister pack / Stripe,Valacvir; Valacyclovir,1000 mg,Tablet,Valacivir,',Antivirals,Anti-Infectives,https://www.newlifeimpex.com/antiviral-drugs.html#1000mg-valacvir-valacyclovir-tablets
1000mg Valcivir Valacyclovir Tablets USP,300,Strip,',Valacyclovir,1000 mg,Tablet,Valcivir,Cipla,Antivirals,Anti-Infectives,https://www.newlifeimpex.com/antiviral-drugs.html#1000mg-valcivir-valacyclovir-tablets-usp
100mg Bdposa Posaconazole Tablets,2120,Strip,10 tablets,Posaconazole,Posaconazole 100 mg · 100 mg,Tablet,Bdposa,Bdl,Antivirals,Anti-Infectives,https://www.newlifeimpex.com/antiviral-drugs.html#100mg-bdposa-posaconazole-tablets
100ml Himalaya Immunol Liquid,150,Piece,100ml / Bottle,',',Syrup or liquid,Immunol,Himalaya,Veterinary,Veterinary,https://www.newlifeimpex.com/veterinary-medicines.html#100ml-himalaya-immunol-liquid
10K Zyrop Erythropoietin Injection,700,Piece,Box,Erythropoietin,Erythropoietin · 10000 IU,Injection,Zyrop,Zydus,Anemia,Hematology,https://www.newlifeimpex.com/anemia-medicine.html#10k-zyrop-erythropoietin-injection
10mg Dapagliflozin Tablet,100,Strip,1 X 10 Tablet / Box,Dapagliflozin,Dapagliflozin · 10 mg,Tablet,Dapaworth,',Weight Loss & Anti-Diabetic,Metabolic & Endocrine,https://www.newlifeimpex.com/weight-loss-and-anti-diabetic-medicine.html#10mg-dapagliflozin-tablet
10mg Glycidap Dapagliflozin Tablets,180,Strip,1 X 15 Tablets / Box,Dapagliflozin,Dapagliflozin · 10 mg,Tablet,Glycidap,',Weight Loss & Anti-Diabetic,Metabolic & Endocrine,https://www.newlifeimpex.com/weight-loss-and-anti-diabetic-medicine.html#10mg-glycidap-dapagliflozin-tablets
10mg Loratadine Tablets,74,Pack,10*10 Tablets / Box,Loratadine,Loratadine · 10 mg,Tablet,Loratin,Cipla,Generic & Uncategorized,Other,https://www.newlifeimpex.com/generic-medicine.html#10mg-loratadine-tablets
10mg Torsevent Torsemide Tablets,80,Strip,1*10 Tablets / Box,Torsemide,10 mg,Tablet,Torsevent,',Antivirals,Anti-Infectives,https://www.newlifeimpex.com/antiviral-drugs.html#10mg-torsevent-torsemide-tablets
10mg Trancyp Tranylcypromine Tablet,170,Bottle,10*10 Tablets / Box,',Tranylcypromine · 10mg,Tablet,Trancyp,',Anti-Anxiety & Depression,Mental Health & Neurology,https://www.newlifeimpex.com/anti-anxiety-and-depression-medicine.html#10mg-trancyp-tranylcypromine-tablet
10mg Zapsign Zopiclone Tablets,100,Strip,10*10 Tablets / Blister Pack,Zopiclone,Zopiclone · 10 mg,Tablet,Zapsign,Signature,Anti-Anxiety & Depression,Mental Health & Neurology,https://www.newlifeimpex.com/anti-anxiety-and-depression-medicine.html#10mg-zapsign-zopiclone-tablets
12mg Covimectin Ivermectin Tablet,150,Strip,10*10 Box (100 Tablets) / Box,Covimectin; Ivermectin,Ivermectin · 12mg,Tablet,Covimectin,',Antiparasitic & Antimalarial,Anti-Infectives,https://www.newlifeimpex.com/anti-parasitic-and-anti-malarial-medicines.html#12mg-covimectin-ivermectin-tablet
12mg Iver-Ash Ivermectin Tablets,100,Strip,10*10 Tablets / Strip,Ivermectin,Ivermectin · 12mg,Tablet,Iver-ash tablets,',Antiparasitic & Antimalarial,Anti-Infectives,https://www.newlifeimpex.com/anti-parasitic-and-anti-malarial-medicines.html#12mg-iver-ash-ivermectin-tablets
12mg Iveralst Iveremctin Tablets,80,Strip,Strip,Ivermectin,12mg,Tablet,Iverlast 12 mg,',Antiparasitic & Antimalarial,Anti-Infectives,https://www.newlifeimpex.com/anti-parasitic-and-anti-malarial-medicines.html#12mg-iveralst-iveremctin-tablets
12mg Iverbest Ivermectin Tablets,60,Strip,strip of 4 tablet / Strip,Ivermectin,12mg,Tablet,Iverbest 12,',Antiparasitic & Antimalarial,Anti-Infectives,https://www.newlifeimpex.com/anti-parasitic-and-anti-malarial-medicines.html#12mg-iverbest-ivermectin-tablets
12mg Iverhuman Ivermectin Tablets,160,Strip,1*10 Tablets / Strip,Ivermectin,Ivermectin · 12mg,Tablet,Iverhuman,',Antiparasitic & Antimalarial,Anti-Infectives,https://www.newlifeimpex.com/anti-parasitic-and-anti-malarial-medicines.html#12mg-iverhuman-ivermectin-tablets
12mg Iverjohn Ivermectin Tablets,150,Strip,10*10 Box (100 Tablets) / Alu-Alu,Ivermectin,12mg,Tablet,JOHN LEE,',Antiparasitic & Antimalarial,Anti-Infectives,https://www.newlifeimpex.com/anti-parasitic-and-anti-malarial-medicines.html#12mg-iverjohn-ivermectin-tablets
12mg Iverleaf Ivermectin Tablets,160,Strip,Strip,Ivermectin,12mg,Tablet,',',Antiparasitic & Antimalarial,Anti-Infectives,https://www.newlifeimpex.com/anti-parasitic-and-anti-malarial-medicines.html#12mg-iverleaf-ivermectin-tablets
12mg Ivermaxx Ivermectin Tablets,50,Strip,Strip,Ivermectin,Ivermectin · 12mg,Tablet,Ivermaxx 12 mg,',Antiparasitic & Antimalarial,Anti-Infectives,https://www.newlifeimpex.com/anti-parasitic-and-anti-malarial-medicines.html#12mg-ivermaxx-ivermectin-tablets
12mg Iversafe Ivermectin Tablets,120,Strip,Strip,Ivermectin,12mg,Tablet,IVERSAFE,',Antiparasitic & Antimalarial,Anti-Infectives,https://www.newlifeimpex.com/anti-parasitic-and-anti-malarial-medicines.html#12mg-iversafe-ivermectin-tablets
12mg Iversian Ivermectin Tablets,295,Strip,10*10 Box (100 Tablets) / Alu-Alu,Ivermectin,ivermectin · 12mg,Tablet,Iversian,',Antiparasitic & Antimalarial,Anti-Infectives,https://www.newlifeimpex.com/anti-parasitic-and-anti-malarial-medicines.html#12mg-iversian-ivermectin-tablets
12mg Ivervid Ivermectin Tablets,80,Strip,1*10 Tablets / Strip,Ivermectin,Ivermectin · 12mg,Tablet,Ivervid,',Antiparasitic & Antimalarial,Anti-Infectives,https://www.newlifeimpex.com/anti-parasitic-and-anti-malarial-medicines.html#12mg-ivervid-ivermectin-tablets
1500mg Walcobal Methycobalamin Injection,85,Vial,2 ml / Vial,',1500mcg,Injection,',',Anemia,Hematology,https://www.newlifeimpex.com/anemia-medicine.html#1500mg-walcobal-methycobalamin-injection
150mg Nirmatrelvir And Ritonavir Tablets,6000,Box,Strips,Nirmatrelvir; Ritonavir,Nirmatrelvir And Ritonavir 50mg / 100mg Tablet · 150 mg + 100 mg,Tablet,Paxobrook,',Antivirals,Anti-Infectives,https://www.newlifeimpex.com/antiviral-drugs.html#150mg-nirmatrelvir-and-ritonavir-tablets
150mg Wormchrist Fenbendazole Tablets,70,Strip,10X10 Tablets / Stripe,Fenbendazole,150 mg,Tablet,',',Antiparasitic & Antimalarial,Anti-Infectives,https://www.newlifeimpex.com/anti-parasitic-and-anti-malarial-medicines.html#150mg-wormchrist-fenbendazole-tablets
200 Zoviclovir Acyclovir Tablets,85,Strip,3*10 Tablets,Acyclovir,Acyclovir · 20 mg,Tablet,Zoviclovir,',Antivirals,Anti-Infectives,https://www.newlifeimpex.com/antiviral-drugs.html#200-zoviclovir-acyclovir-tablets
2000IU Vintor Erythropoietin Injectionection,320,Piece,Box,Erythropoietin,Recombinant Human Erythropoietin Alfa (2000IU) · 2000 IU,Injection,Vintor,',Anemia,Hematology,https://www.newlifeimpex.com/anemia-medicine.html#2000iu-vintor-erythropoietin-injectionection
200mg Fluconazole Tablet,200,Strip,1*10 Tablets / Box,Fluconazole,Fluconazole · 200 mg,Tablet,',Kachhela,Antivirals,Anti-Infectives,https://www.newlifeimpex.com/antiviral-drugs.html#200mg-fluconazole-tablet
200mg Itrasporox Itraconazole Capsules,438,Box,Stripe,Itraconazole,200 mg,Tablet,',',Antivirals,Anti-Infectives,https://www.newlifeimpex.com/antiviral-drugs.html#200mg-itrasporox-itraconazole-capsules
200mg Itrotab Itraconazole Capsules,110,Box,1X4 Capsules / Stripe,Itraconazole,Itraconazole · 200 mg,Capsule,Itrotab,Healing Pharma,Antivirals,Anti-Infectives,https://www.newlifeimpex.com/antiviral-drugs.html#200mg-itrotab-itraconazole-capsules
200mg Molnupiravir Moldsun Tablet,1200,Bottle,40 Tablet / Box,Molnupiravir,200mg,Tablet,Molsun,Sunrise,Antivirals,Anti-Infectives,https://www.newlifeimpex.com/antiviral-drugs.html#200mg-molnupiravir-moldsun-tablet
25 CR Paroxetne Serotin Tablet,140,Piece,',Paroxetine,Paroxetine · 25 mg,Tablet,',',Anti-Anxiety & Depression,Mental Health & Neurology,https://www.newlifeimpex.com/anti-anxiety-and-depression-medicine.html#25-cr-paroxetne-serotin-tablet
250mg Avva Acetazolamide Tablets,143,Box,Blister,',250 mg,Tablet,',',Generic & Uncategorized,Other,https://www.newlifeimpex.com/generic-medicine.html#250mg-avva-acetazolamide-tablets
250mg Famciclovir Tablet,258,Strip,1*10 Tablets / Stripe,Famciclovir,Famciclovir (250mg) · 250 mg,Tablet,FAMCIMAC,Macleods,Antivirals,Anti-Infectives,https://www.newlifeimpex.com/antiviral-drugs.html#250mg-famciclovir-tablet
250mg Lamifil Terbinafine Tablets,125,Strip,20 X 1 X 7 / Blister,Terbinafine,Terbinafine · 250 mg,Tablet,',',Antivirals,Anti-Infectives,https://www.newlifeimpex.com/antiviral-drugs.html#250mg-lamifil-terbinafine-tablets
250mg Penvir Famciclovir Tablet,300,Strip,6 Tablets / Stripe,Famciclovir,Famciclovir · 250mg,Tablet,',',Antivirals,Anti-Infectives,https://www.newlifeimpex.com/antiviral-drugs.html#250mg-penvir-famciclovir-tablet
250mg Seroflo Salmeterol and Fluticasone Propionate Inhaler,887,Piece,',Salmeterol; Fluticasone,Salmeterol (25mcg) + Fluticasone Propionate (250mcg) · 250 mcg,Spray or inhaler,Seroflo 250,',COPD & Asthma,Respiratory,https://www.newlifeimpex.com/copd-asthma-inhalers-and-medicines.html#250mg-seroflo-salmeterol-and-fluticasone-propionate-inhaler
250mg Test-C Testosterone Cypionate Injection,1040,Vial,10 ml,Testosterone,Testosterone Cypionate · 250 mg/ml,Injection,Test-C,',Testosterone & Steroids,Men's Health,https://www.newlifeimpex.com/testosterone-and-steroids.html#250mg-test-c-testosterone-cypionate-injection
25mg Agobliss Agomelatine Tablets,130,Strip,1*10 Tablets,',25 mg,Tablet,Agobliss,Signature,Anti-Anxiety & Depression,Mental Health & Neurology,https://www.newlifeimpex.com/anti-anxiety-and-depression-medicine.html#25mg-agobliss-agomelatine-tablets
25mg Niddmose Acarbose Tablets,140,Strip,1*10 Tablets / Strip,',25 mg,Tablet,Niddmose,Kachhela,Weight Loss & Anti-Diabetic,Metabolic & Endocrine,https://www.newlifeimpex.com/weight-loss-and-anti-diabetic-medicine.html#25mg-niddmose-acarbose-tablets
2mg Estrapause Estradiol Valerate Tablets,150,Strip,Strip,Estradiol; Valproate,2 mg,Tablet,',',Infertility & Women’s Health,Women's Health,https://www.newlifeimpex.com/infertility-medicine-and-womens-health.html#2mg-estrapause-estradiol-valerate-tablets
2mg Prucalopride Tablets,240,Strip,1*10 Tablets / Strips,Prucalopride,2 mg,Tablet,',Knoll,Antivirals,Anti-Infectives,https://www.newlifeimpex.com/antiviral-drugs.html#2mg-prucalopride-tablets
2mg Prucalp Prucalopride Tablets,125,Strip,1*10 Tablets / Strips,Prucalopride,2 mg,Tablet,Prucalp,',Antivirals,Anti-Infectives,https://www.newlifeimpex.com/antiviral-drugs.html#2mg-prucalp-prucalopride-tablets
300mg Bioclan Clindamycin Tablets,160,Strip,Stripe,Clindamycin,300 mg,Tablet,',',Antivirals,Anti-Infectives,https://www.newlifeimpex.com/antiviral-drugs.html#300mg-bioclan-clindamycin-tablets
300mg Candipoz GR Tablets,7000,Strip,strip of 10 tablet,Posaconazole,Posaconazole 300 mg · 300 mg,Tablet,Candiboz,Glenmark,Antivirals,Anti-Infectives,https://www.newlifeimpex.com/antiviral-drugs.html#300mg-candipoz-gr-tablets
350mg BD-Dapto Daptomycin Injection,2900,Vial,',Daptomycin,Daptomycin · 350 mg,Injection,BD-DAPTO,Bdr,Antivirals,Anti-Infectives,https://www.newlifeimpex.com/antiviral-drugs.html#350mg-bd-dapto-daptomycin-injection
3mg Iverheal Ivermectin Tablet,150,Strip,10*10 Box (100 Tablets) / Strip,Ivermectin,IVERMECTIN · 3MG,Tablet,HEALING PHARMA,',Antiparasitic & Antimalarial,Anti-Infectives,https://www.newlifeimpex.com/anti-parasitic-and-anti-malarial-medicines.html#3mg-iverheal-ivermectin-tablet
3mg Iverhuman Ivermectin Tablets,50,Strip,1*10 Tablets / Box,Ivermectin,Ivermectin · 3 mg,Tablet,Iverhuman,',Antiparasitic & Antimalarial,Anti-Infectives,https://www.newlifeimpex.com/anti-parasitic-and-anti-malarial-medicines.html#3mg-iverhuman-ivermectin-tablets
3mg Iverjohn Ivermectin Tablets,150,Strip,10*10 Box (100 Tablets) / Box,Ivermectin,Ivermectin · 3mg,Tablet,Iverjohn,',Antiparasitic & Antimalarial,Anti-Infectives,https://www.newlifeimpex.com/anti-parasitic-and-anti-malarial-medicines.html#3mg-iverjohn-ivermectin-tablets
4 mg Perindopril Perindopril Erbumine Tablets,150,Box,1*10 Tablet / Strips,Perindopril,4 mg,Tablet,',',"Heart, Cholesterol & Hypertension",Cardiovascular,https://www.newlifeimpex.com/heart-health-cholesterol-hypertension-medicine.html#4-mg-perindopril-perindopril-erbumine-tablets
4-Chlorodehydromethyltestosterone Turbobol 10mg Tablet,850,Box,10 Tablet / Strip,',4-Chlorodehydromethyltest · 10 mg,Tablet,Turbobol,',Generic & Uncategorized,Other,https://www.newlifeimpex.com/pharmaceutical-tablet.html#4-chlorodehydromethyltestosterone-turbobol-10mg-tablet
4000 IU Relipoietin Erythropoietin Injection,1400,Pack,4000 IU,Erythropoietin,',Injection,Relipoietin,',Anemia,Hematology,https://www.newlifeimpex.com/anemia-medicine.html#4000-iu-relipoietin-erythropoietin-injection
4000IU Vintor Erythropoietin Injection,480,Piece,Box,Erythropoietin,Erythropoietin · 4000 IU,Injection,Vintor,',Anemia,Hematology,https://www.newlifeimpex.com/anemia-medicine.html#4000iu-vintor-erythropoietin-injection
400mg ABD Albendazole Tablet,1000,Box,Stripe,Albendazole,400 mg,Tablet,ABD 400,Intas,Antiparasitic & Antimalarial,Anti-Infectives,https://www.newlifeimpex.com/anti-parasitic-and-anti-malarial-medicines.html#400mg-abd-albendazole-tablet
40mcg Zynesp Darbepoetin Alfa Injection,1250,Vial,0.4ml / Vial,Darbepoetin,40 mcg,Injection,Zynesp 40,Zydus,Anemia,Hematology,https://www.newlifeimpex.com/anemia-medicine.html#40mcg-zynesp-darbepoetin-alfa-injection
444mg Fenbendazole Wormchrist Tablet,100,Strip,10X10 Tablets / Stripe,Fenbendazole,444 mg,Tablet,',',Antiparasitic & Antimalarial,Anti-Infectives,https://www.newlifeimpex.com/anti-parasitic-and-anti-malarial-medicines.html#444mg-fenbendazole-wormchrist-tablet
4mg Roliten-OD Capsules,370,Strip,1*10 Tablet / Box,',4 mg,Tablet,Roliten-OD,Sun Pharma,Generic & Uncategorized,Other,https://www.newlifeimpex.com/generic-medicine.html#4mg-roliten-od-capsules
4mg Zomacton Somatropin Injection,3200,Box,Vial,Somatropin,Somatropin Injection4 MG (12 IU) · 12 I.U,Injection,ZOMACTON,Ferring,Infertility & Women’s Health,Women's Health,https://www.newlifeimpex.com/infertility-medicine-and-womens-health.html#4mg-zomacton-somatropin-injection
5 gm Oraways Triamcinolone Oral Paste,92,Piece,5 gm / Box,Triamcinolone,10 mg/ml,"Cream, gel, lotion",Oraways,',Skin Care,Dermatology & Hair,https://www.newlifeimpex.com/skin-care-products.html#5-gm-oraways-triamcinolone-oral-paste
50 Mg Ataxin Enrofloxacin Tablets,80,Piece,Strip,Enrofloxacin,50mg,Tablet,Ataxin,',Veterinary,Veterinary,https://www.newlifeimpex.com/veterinary-medicine.html#50-mg-ataxin-enrofloxacin-tablets
500mg Cytoflu Flucytosine Tablet,1690,Strip,1 X 10,Flucytosine,Flucytosine · 500 mg,Tablet,',Jolly,Antivirals,Anti-Infectives,https://www.newlifeimpex.com/antiviral-drugs.html#500mg-cytoflu-flucytosine-tablet
500mg Glyciphage Metformin Tablets,41,Strip,10*10 Tablets / Strip,Metformin,500 mg,Tablet,Glyciphage,Franco-Indian Pharmaceuticals Pvt Ltd,Weight Loss & Anti-Diabetic,Metabolic & Endocrine,https://www.newlifeimpex.com/weight-loss-and-anti-diabetic-medicine.html#500mg-glyciphage-metformin-tablets
500mg Metformin Glycomet SR Tablet,44,Strip,Strip,Metformin,500 mg,Tablet,Glycomet SR 500,Usv,Weight Loss & Anti-Diabetic,Metabolic & Endocrine,https://www.newlifeimpex.com/weight-loss-and-anti-diabetic-medicine.html#500mg-metformin-glycomet-sr-tablet
500mg Terbiface Terbinafine Tablets,165,Strip,1*7 tablet / Strip,Terbinafine,500 mg,Tablet,',',Antivirals,Anti-Infectives,https://www.newlifeimpex.com/antiviral-drugs.html#500mg-terbiface-terbinafine-tablets
500mg Valacvir Valacyclovir Tablets,300,Strip,Stripe,Valacvir; Valacyclovir,Valacyclovir · 500 mg,Tablet,Valacvir,',Antivirals,Anti-Infectives,https://www.newlifeimpex.com/antiviral-drugs.html#500mg-valacvir-valacyclovir-tablets
50mg Trivastal LA Piribedil Tablets,307,Strip,6*10 Tablets / Box,',50 mg,Tablet,Trivastal LA,',Neurological & Psychiatric,Mental Health & Neurology,https://www.newlifeimpex.com/parkinsons-disease-schizophrenia-medicine.html#50mg-trivastal-la-piribedil-tablets
5mg Glibemider Glibenclamide Tablet,100,Strip,10*10 Tablets / Stripe,Glibenclamide,5 mg,Tablet,Glibemider,Steris,Weight Loss & Anti-Diabetic,Metabolic & Endocrine,https://www.newlifeimpex.com/weight-loss-and-anti-diabetic-medicine.html#5mg-glibemider-glibenclamide-tablet
5mg Pimobendan Pimobend Tablets,1400,Bottle,50 tablets bottle / Bottle,',',Tablet,Pimobend 5 mg tablet,',Veterinary,Veterinary,https://www.newlifeimpex.com/veterinary-medicines.html#5mg-pimobendan-pimobend-tablets
6000IU Vintor Erythropoietin Injection,560,Piece,',Erythropoietin,Erythropoietin · 6000 IU,Injection,Vintor,Gennova,Anemia,Hematology,https://www.newlifeimpex.com/anemia-medicine.html#6000iu-vintor-erythropoietin-injection
6mg Covimectin Ivermectin Tablets,150,Strip,10*10 Box (100 Tablets) / Box,Covimectin; Ivermectin,Ivermectin · 6mg,Tablet,Covimectin,',Antiparasitic & Antimalarial,Anti-Infectives,https://www.newlifeimpex.com/anti-parasitic-and-anti-malarial-medicines.html#6mg-covimectin-ivermectin-tablets
6mg Iver-Ash Ivermectin Tablets USP,70,Strip,1*10 Tablets / Box,Ivermectin,Ivermectin · 6mg,Tablet,Iver-Ash,',Antiparasitic & Antimalarial,Anti-Infectives,https://www.newlifeimpex.com/anti-parasitic-and-anti-malarial-medicines.html#6mg-iver-ash-ivermectin-tablets-usp
6mg Iverhuman Ivermectin Tablets,70,Strip,1*10 Tablets / Box,Ivermectin,Ivermectin · 6mg,Tablet,Iverhuman,',Antiparasitic & Antimalarial,Anti-Infectives,https://www.newlifeimpex.com/anti-parasitic-and-anti-malarial-medicines.html#6mg-iverhuman-ivermectin-tablets
6mg Iverjohn Ivermectin Tablets,150,Strip,10*10 Box (100 Tablets) / Strip,Ivermectin,Ivermectin · 6mg,Tablet,Iverjohn,',Antiparasitic & Antimalarial,Anti-Infectives,https://www.newlifeimpex.com/anti-parasitic-and-anti-malarial-medicines.html#6mg-iverjohn-ivermectin-tablets
6mg Pegfilgrastim Peg Religrast Injection,1900,Vial,1X0.6 ml Vial,Pegfilgrastim,6 mg/ 0.6 ml,Injection,Peg-Religrast injection,',Anti-Cancer,Oncology,https://www.newlifeimpex.com/anti-cancer-drugs.html#6mg-pegfilgrastim-peg-religrast-injection
75 mg Affexor XR Venlafaxine Capsules,100,Strip,strips of 10 tablets,Venlafaxine,75 mg,Capsule,Affexor XR 75,Healing Pharma,Anti-Anxiety & Depression,Mental Health & Neurology,https://www.newlifeimpex.com/anti-anxiety-and-depression-medicine.html#75-mg-affexor-xr-venlafaxine-capsules
75mg Antiflu Oseltamivir Capsules IP,940,Strip,Strip,Oseltamivir,Oseltamivir · 75 mg,Capsule,Antiflu,Cipla,Antivirals,Anti-Infectives,https://www.newlifeimpex.com/antiviral-drugs.html#75mg-antiflu-oseltamivir-capsules-ip
850mg Glyciphage Metformin Tablets,33,Strip,1*10 Tablets / Box,Metformin,850 mg,Tablet,Glyciphage,Franco-Indian Pharmaceuticals Pvt Ltd,Weight Loss & Anti-Diabetic,Metabolic & Endocrine,https://www.newlifeimpex.com/weight-loss-and-anti-diabetic-medicine.html#850mg-glyciphage-metformin-tablets
8mg Ondaheal Md Ondansetron Tablets,105,Strip,1 X 10 Tablets / Stripe,Ondansetron,Ondansetron · 8 mg,Tablet,Ondaheal Md,Healing Pharma,Generic & Uncategorized,Other,https://www.newlifeimpex.com/generic-medicine.html#8mg-ondaheal-md-ondansetron-tablets
A Re Tretinoin 0.1% Gel,205,Tube,20 gm,Tretinoin,',"Cream, gel, lotion",Arate gel,',Skin Care,Dermatology & Hair,https://www.newlifeimpex.com/skin-care-products.html#a-re-tretinoin-0-1-gel
A Ret HC Gel,197,Tube,15 gm,',',"Cream, gel, lotion",A rate HC gel,A menarani,Anti-Cancer,Oncology,https://www.newlifeimpex.com/anti-cancer-medicines.html#a-ret-hc-gel
A- Ret0.1 Tretinoin Gel,180,Tube,1,Tretinoin,',"Cream, gel, lotion",A Ret Gel,',Skin Care,Dermatology & Hair,https://www.newlifeimpex.com/skin-care-medicine.html#a-ret0-1-tretinoin-gel
A-RET 0.05 Gel Tretinoin,162,Tube,20grm Tube,Tretinoin,',"Cream, gel, lotion",A Ret Gel 0.05%,',Skin Care,Dermatology & Hair,https://www.newlifeimpex.com/skin-care-medicine.html#a-ret-0-05-gel-tretinoin
Abacavir Dolutegravir And Lamivudine Inbec Tablets,5500,Bottle,30 tablet in a bottle / Bottle,Abacavir; Dolutegravir; Lamivudine,Abacavir Dolutegravir And Lamivudine · 100 mg,Tablet,Inbec,',Anti-HIV,Anti-Infectives,https://www.newlifeimpex.com/anti-hiv-medicine.html#abacavir-dolutegravir-and-lamivudine-inbec-tablets
Abd Plus Albendazole and Ivermectin Tablet,44,Strip,1*10 Tablets / Strips,Albendazole; Ivermectin,400 mg + 6 mg,Tablet,ABD PLUS,Intas Pharmaceuticals Ltd,Antiparasitic & Antimalarial,Anti-Infectives,https://www.newlifeimpex.com/anti-parasitic-and-anti-malarial-medicines.html#abd-plus-albendazole-and-ivermectin-tablet
Accufine 20 Mg Softgel Capsule Isotretinoin,100,Strip,10 CAPSULE / Strips,Isotretinoin,20 mg,Capsule,ACCUFINE 20 MG,',Skin Care,Dermatology & Hair,https://www.newlifeimpex.com/skin-care-medicine.html#accufine-20-mg-softgel-capsule-isotretinoin
Accufine 30 Mg Istretinoin Capsules,200,Strip,10*10 Capsules / Strips,',30 mg,Capsule,ACCUFINE 30 MG,Healing Pharma,Skin Care,Dermatology & Hair,https://www.newlifeimpex.com/skin-care-medicine.html#accufine-30-mg-istretinoin-capsules
Accufine 40mg Isotretinoin Capsules,250,Strip,1*10 Capsules / Strips,Isotretinoin,40 mg,Capsule,ACCFINE 40 MG,Healing Pharma,Skin Care,Dermatology & Hair,https://www.newlifeimpex.com/skin-care-medicine.html#accufine-40mg-isotretinoin-capsules
Accufine 5 Mg Isotretinoin Capsules,75,Strip,1*10 Capsules / Strips,Isotretinoin,5 mg,Capsule,ACCUFINE,',Skin Care,Dermatology & Hair,https://www.newlifeimpex.com/skin-care-medicine.html#accufine-5-mg-isotretinoin-capsules
Accufine-10 Mg Isotretinoin Capsules,148,Strip,1 X 10 / Strips,Isotretinoin,10 gm,Capsule,Accufine,',Skin Care,Dermatology & Hair,https://www.newlifeimpex.com/skin-care-medicine.html#accufine-10-mg-isotretinoin-capsules
Acitretin Trustretin 25 mg capsules,785,Strip,1*10 Tablets / Box,Acitretin,25 mg,Capsule,Trustretin 25 mg,Usv,Skin Care,Dermatology & Hair,https://www.newlifeimpex.com/skin-care-medicine.html#acitretin-trustretin-25-mg-capsules
Actihair 10 F Solution,700,Bottle,60 ml / Bottle,',10 %,Syrup or liquid,',Leeford,Hair Care & Growth,Dermatology & Hair,https://www.newlifeimpex.com/hair-care-hair-growth-medicines.html#actihair-10-f-solution
Acular Eye Drops,100,Piece,5 ml,',',Drops,Cipla,',Eye Drops,Ophthalmology,https://www.newlifeimpex.com/eye-drops.html#acular-eye-drops
Acular Ls Drop,141,Piece,5ml,',Ketorolac (0.4% w/v),Drops,Acular LS,Allergan,Eye Drops,Ophthalmology,https://www.newlifeimpex.com/eye-drops.html#acular-ls-drop
Adr Adrenaline Bitartrate 1ml Injection,40,Piece,10X1 ml,Adrenaline,0.5 mg,Injection,ADR,American Remedies,Anti-Allergy,Allergy & Immunology,https://www.newlifeimpex.com/anti-allergy-medicines.html#adr-adrenaline-bitartrate-1ml-injection
Afatinib Afasted 40 mg Tablet,10450,Box,28 tablets / Box,Afatinib,Afatinib Dimaleate · 40 mg,Tablet,Afatinib,',Anti-Cancer,Oncology,https://www.newlifeimpex.com/anti-cancer-products.html#afatinib-afasted-40-mg-tablet
Aflibercept Anyra 2mg Injection,24995,Box,1 Unit / Pre-filled Syringe,',Aflibercept,Injection,',Zydus,Generic & Uncategorized,Other,https://www.newlifeimpex.com/pharmaceutical-tablet.html#aflibercept-anyra-2mg-injection
Alafevir EM tablets,1000,Bottle,1x30Tablets / Box,',150 mg,Tablet,',Lourus,Anti-HIV,Anti-Infectives,https://www.newlifeimpex.com/anti-hiv-medicine.html#alafevir-em-tablets
Alamin SN Injection,650,Vial,200 ml / Glass Bottle,',',Injection,',',Generic & Uncategorized,Other,https://www.newlifeimpex.com/generic-medicine.html#alamin-sn-injection
Aldigesic -th Aceclofenac And Thiocolchicoside,275,Strip,1 *10 Tablets / Strips,Aceclofenac; Thiocolchicoside,ACECLOFENAC AND THIOCOLCHICOSIDE,Tablet,Acelic TH4,',Pain Killers,Pain & Musculoskeletal,https://www.newlifeimpex.com/pain-killer-medicines.html#aldigesic-th-aceclofenac-and-thiocolchicoside
Alfuzosin Alfuzocin 10 mg tablets,85,Strip,1*10 Tablets,Alfuzosin,10 mg,Tablet,Alfuzocin 10 mg,',Generic & Uncategorized,Other,https://www.newlifeimpex.com/generic-products.html#alfuzosin-alfuzocin-10-mg-tablets
Allopurinol 300mg Tablets Zyrik,63,Strip,1 x 10,Allopurinol,Allopurinol 300mg · 300 mg,Tablet,Zyrik 300 mg,',Pain Killers,Pain & Musculoskeletal,https://www.newlifeimpex.com/pain-killer-medicines.html#allopurinol-300mg-tablets-zyrik
Alprostadil 500 Mcg Injection,2800,Vial,Box,',Alprostadil · 500 mcg,Injection,alpostadil,Questus,Men's Health & Erectile Dysfunction,Men's Health,https://www.newlifeimpex.com/mens-health-erectile-dysfunction-drugs.html#alprostadil-500-mcg-injection
Altraz Anastrozole 1mg Tablet,800,Strip,1*14 Tablets / Blister,Anastrozole,1 mg,Tablet,Altraz 1 mg tablet,',Anti-Cancer,Oncology,https://www.newlifeimpex.com/anti-cancer-drugs.html#altraz-anastrozole-1mg-tablet
Amantadine 100mg Amdatime Capsule,205,Strip,Stripe,Amantadine,Amantadine · 100 mg,Capsule,Amdatime,Steris,Anti-Allergy,Allergy & Immunology,https://www.newlifeimpex.com/anti-allergy-medicines.html#amantadine-100mg-amdatime-capsule
Ambrisentan Tablets 5 Mg Ambristar,1550,Strip,1 x 10 tablets / Strip,Ambrisentan,Ambrisentan · 5 mg,Tablet,steris,',"Heart, Cholesterol & Hypertension",Cardiovascular,https://www.newlifeimpex.com/heart-health-cholesterol-hypertension-medicine.html#ambrisentan-tablets-5-mg-ambristar
Amlycure DS Ayurevedic capsules,198,Strip,20 capsules,',',Tablet,',',Ayurvedic & Herbal,Other,https://www.newlifeimpex.com/ayurvedic-medicines.html#amlycure-ds-ayurevedic-capsules
Amoxiciliine Novamox 125 suspention,70,Piece,Bottle,Amoxicillin,Amoxicillin · 125 mg/31.25 mg,Syrup or liquid,Novamox 125,Cipla,Antibiotics,Anti-Infectives,https://www.newlifeimpex.com/antibiotic-medicines.html#amoxiciliine-novamox-125-suspention
Amoxicillin Potassium Clavulanate 500 Mg Toxo Mox,210,Strip,Strip,Amoxicillin; Clavulanate,625 mg,Tablet,Toxomox,',Veterinary,Veterinary,https://www.newlifeimpex.com/veterinary-medicine.html#amoxicillin-potassium-clavulanate-500-mg-toxo-mox
Amoxicillin Potassium Clavulanate Tablet,194,Strip,Strip,Amoxicillin; Clavulanate,Amoxicillin and potassium clavmentin · 625 mg,Tablet,Amoxyheal,Healing pharma,Antibiotics,Anti-Infectives,https://www.newlifeimpex.com/antibiotic-medicines.html#amoxicillin-potassium-clavulanate-tablet-507962160
Amoxicillin Potassium Clavulanate Tablet,280,Box,Strip,Amoxicillin; Clavulanate,Amoxicillin Potassium Clavulanate · 625 mg,Tablet,Clavpet,Veko,Veterinary,Veterinary,https://www.newlifeimpex.com/veterinary-medicine.html#amoxicillin-potassium-clavulanate-tablet-426357380
Ampicillin Syntholin 500 Mg Injection,80,Piece,5 ml / Vial,',500 mg,Injection,',',Antibiotics,Anti-Infectives,https://www.newlifeimpex.com/antibiotic-medicines.html#ampicillin-syntholin-500-mg-injection
Ampoxin 500 Mg Injection,34,Piece,10 ml / Vial,',500 mg,Injection,',',Antibiotics,Anti-Infectives,https://www.newlifeimpex.com/antibiotic-medicines.html#ampoxin-500-mg-injection
Anaridex 1mg Anastrozole Tablets,495,Strip,1*10 Tablets / Stripe,Anastrozole,ANASTROZOLE 1 MG · 1 mg,Tablet,ANARIDEX,',Anti-Cancer,Oncology,https://www.newlifeimpex.com/anti-cancer-drugs.html#anaridex-1mg-anastrozole-tablets
Anastrazole Ana-ash 1 Tablet,80,Strip,1*10 Tablets / Blister,Anastrozole,1 mg,Tablet,Ana-ash,Asher pharma,Anti-Cancer,Oncology,https://www.newlifeimpex.com/anti-cancer-drugs.html#anastrazole-ana-ash-1-tablet
Anastrazole Anashil 1 mg tablet,200,Strip,10*10 Tablets / Stripe,Anastrozole,1 mg,Tablet,Anashil 1 mg,',Anti-Cancer,Oncology,https://www.newlifeimpex.com/anti-cancer-drugs.html#anastrazole-anashil-1-mg-tablet
Anastrozole 1MG ANABOL,100,Strip,1*10 Tablets / Stripe,Anastrozole,1 mg,Tablet,ANABOL,',Anti-Cancer,Oncology,https://www.newlifeimpex.com/anti-cancer-drugs.html#anastrozole-1mg-anabol
Anastrozole Anastrabol 1mg Tablet,700,Strip,Strip,Anastrozole,1 mg,Tablet,Anastrabol,',Anti-Cancer,Oncology,https://www.newlifeimpex.com/anti-cancer-drugs.html#anastrozole-anastrabol-1mg-tablet
Anastrozole Arimee 1 Mg Tablet,110,Strip,1*10 Tablets / Stripe,Anastrozole,1 mg,Tablet,Arimee,Kachhela,Anti-Cancer,Oncology,https://www.newlifeimpex.com/anti-cancer-drugs.html#anastrozole-arimee-1-mg-tablet
Anavar Oxandrolone 10 Mg,300,Strip,1*10 Tablets / Strips,Oxandrolone,10 mg,Tablet,ANAVAR,Evolve,Testosterone & Steroids,Men's Health,https://www.newlifeimpex.com/testosterone-and-steroids.html#anavar-oxandrolone-10-mg
Annavail Oxandrolone 10 Mg Tablets,230,Strip,10*10 Tablets / Strips,Oxandrolone,10 mg,Tablet,Annavail,Kachela,Testosterone & Steroids,Men's Health,https://www.newlifeimpex.com/testosterone-and-steroids.html#annavail-oxandrolone-10-mg-tablets
Anovate Cream Anti Hameorrhoidal With Beclomethasone Dipropionate,147,Piece,20 GM,Beclometasone; Lidocaine,Phenylephrine (0.10% w/w) + Beclometasone (0.025% w/w) + Lidocaine (2.50% w/w),"Cream, gel, lotion",ANOVATE,',Skin Care,Dermatology & Hair,https://www.newlifeimpex.com/skin-care-medicine.html#anovate-cream-anti-hameorrhoidal-with-beclomethasone-dipropionate
Apotab Apomorphine 2 mg tablets,413,Strip,10*10 Tablets / Strips,',',Tablet,Apotab 2 mg tablets,',Generic & Uncategorized,Other,https://www.newlifeimpex.com/generic-products.html#apotab-apomorphine-2-mg-tablets
Aprepitant Aprecap 125mg Capsule,1231,Strip,Strip,',Aprepitant,Capsule,Aprecap,Glenmark,Anti-Cancer,Oncology,https://www.newlifeimpex.com/anti-cancer-medicines.html#aprepitant-aprecap-125mg-capsule
Arachitol Vitamin D3 (600000IU) Injection,543,Box,1 ml / Ampoule,',',Injection,Arachital 6L,',Generic & Uncategorized,Other,https://www.newlifeimpex.com/generic-products.html#arachitol-vitamin-d3-600000iu-injection
Arizole Aripiprazole 5 Mg Tablets,43,Strip,10 tablets,Aripiprazole,Plain · 5 mg,Tablet,',',Anti-Anxiety & Depression,Mental Health & Neurology,https://www.newlifeimpex.com/anti-depressant-and-anit-anxiety.html#arizole-aripiprazole-5-mg-tablets
Armodafinil Armod 150mg Tablet,250,Strip,Strip,Armodafinil,Armodafinil · 250 mg,Tablet,Armogard,Emcure Pharmaceuticals,Anti-Anxiety & Depression,Mental Health & Neurology,https://www.newlifeimpex.com/anti-anxiety-anti-depressants-medicines.html#armodafinil-armod-150mg-tablet
Armodafinil Waklert 150 Mg Tablet,378,Strip,10 Tablets / Strip,Armodafinil,Armodafinil 150 mg · 150 mg,Tablet,Waklert,',Anti-Anxiety & Depression,Mental Health & Neurology,https://www.newlifeimpex.com/anti-anxiety-and-depression-medicine.html#armodafinil-waklert-150-mg-tablet
Arreno Aspirin + Dipyridamole Capsule,45,Strip,10 Capsules / Strips,Aspirin,50 mg,Capsule,Areeno,',"Heart, Cholesterol & Hypertension",Cardiovascular,https://www.newlifeimpex.com/heart-health-cholesterol-hypertension-medicine.html#arreno-aspirin-dipyridamole-capsule
Artemisinin 200mg Tablet,800,Bottle,200mg / Bottle,Artemisinin,Artemisia,Capsule,Double Wood Supplements,',Antiparasitic & Antimalarial,Anti-Infectives,https://www.newlifeimpex.com/anti-parasitic-and-anti-malarial-medicines.html#artemisinin-200mg-tablet
Artvigil 250 Mg Armodafinil Tablet,250,Strip,10 Tablets / Strip,Armodafinil,Armodafinil · 250 mg,Tablet,Artvigil,',Generic & Uncategorized,Other,https://www.newlifeimpex.com/generic-products.html#artvigil-250-mg-armodafinil-tablet
Assurans Sildenafil 10 Mg Injection,2390,Vial,',Sildenafil,Sildenafil,Injection,Assurans,',Men's Health & Erectile Dysfunction,Men's Health,https://www.newlifeimpex.com/mens-health-erectile-dysfunction-drugs.html#assurans-sildenafil-10-mg-injection
Asthalin Inhaler 100 Mcg,155,Pack,Box,Salbutamol,Salbutamol Inhalation IP,Spray or inhaler,Asthalin,',COPD & Asthma,Respiratory,https://www.newlifeimpex.com/copd-asthma-inhalers-and-medicines.html#asthalin-inhaler-100-mcg
Atarax 25 Mg Tablets,103,Strip,',Hydroxyzine,Hydroxine Dichlrohydrate · 25 mg,Tablet,Atarax 25 mg,',Anti-Allergy,Allergy & Immunology,https://www.newlifeimpex.com/anti-allergy-medicines.html#atarax-25-mg-tablets
Atomoxet 10 Mg Tablet,75,Strip,10 tablets,Atomoxetine,Atomoxetine · 10 mg,Tablet,ATOMOXET 10MG,Healing Pharma,Anti-Anxiety & Depression,Mental Health & Neurology,https://www.newlifeimpex.com/anti-anxiety-and-depression-medicine.html#atomoxet-10-mg-tablet
Atomoxet-40 Atomoxetine Hydrochloride Tablets,160,Strip,20*10,Atomoxetine,Atomoxetine · 40 mg,Tablet,Atomoxet,',Anti-Anxiety & Depression,Mental Health & Neurology,https://www.newlifeimpex.com/anti-anxiety-and-depression-medicine.html#atomoxet-40-atomoxetine-hydrochloride-tablets
Atorvastatin Storvas 10mg Tablet,79,Box,1 × 10 tablets / Strip,Atorvastatin; Clopidogrel,Atorvastatin + Clopidogrel · 10 mg,Tablet,Storvas,',Generic & Uncategorized,Other,https://www.newlifeimpex.com/pharmaceutical-tablet.html#atorvastatin-storvas-10mg-tablet
Atoxit Atomoxetine 40 mg tablets,160,Strip,10*10 Tablets,Atomoxetine,40 mg,Tablet,',Metamed,Anti-Anxiety & Depression,Mental Health & Neurology,https://www.newlifeimpex.com/anti-depressant-and-anit-anxiety.html#atoxit-atomoxetine-40-mg-tablets
Avana-50 Avanafil Tablets,160,Strip,1x4 Tablets / Box,Avanafil,Avanafil · 50 mg,Tablet,Sunrise Remedies,',Men's Health & Erectile Dysfunction,Men's Health,https://www.newlifeimpex.com/mens-health-erectile-dysfunction-drugs.html#avana-50-avanafil-tablets
Axepta 25 MgTablet,325,Strip,10*10 Tablets,Atomoxetine,Atomoxetine · 25 mg,Tablet,Axepta,Intas Pharmaceuticals Ltd,Anti-Anxiety & Depression,Mental Health & Neurology,https://www.newlifeimpex.com/anti-anxiety-and-depression-medicine.html#axepta-25-mgtablet
Axepta 40 Mg Tablet,412,Strip,10*10 Tablets,Atomoxetine,Atomoxetine · 40 mg,Tablet,Axepta,Intas Pharmaceuticals Ltd,Anti-Anxiety & Depression,Mental Health & Neurology,https://www.newlifeimpex.com/anti-anxiety-and-depression-medicine.html#axepta-40-mg-tablet
Azacytin Azacitidine 200mg Tablet,10300,Bottle,',Azacitidine,200 mg,Tablet,',',Anti-Cancer,Oncology,https://www.newlifeimpex.com/anti-cancer-drugs.html#azacytin-azacitidine-200mg-tablet
Azarga Brinzolamide (10mg) + Timolol (5mg) drop,474,Bottle,5 ml,Brinzolamide; Timolol,10 and 5 mg,Drops,',',Eye Drops,Ophthalmology,https://www.newlifeimpex.com/eye-drops.html#azarga-brinzolamide-10mg-timolol-5mg-drop
Azelaic acid Azelax cream,300,Tube,15 gm,Azelaic,20% w/w,"Cream, gel, lotion",Micro Labs,Healing Pharma,Skin Care,Dermatology & Hair,https://www.newlifeimpex.com/skin-care-products.html#azelaic-acid-azelax-cream
Azelaic Acid Azobril 20% cream,360,Piece,',Azelaic,20% w/w,"Cream, gel, lotion",',',Skin Care,Dermatology & Hair,https://www.newlifeimpex.com/skin-care-products.html#azelaic-acid-azobril-20-cream
Azelnidipine 16 mg Azelikem tablet,140,Box,10 x 10 / Blister Pack,Azelnidipine,16 mg,Tablet,Azelniprime,',"Heart, Cholesterol & Hypertension",Cardiovascular,https://www.newlifeimpex.com/heart-health-cholesterol-hypertension-medicine.html#azelnidipine-16-mg-azelikem-tablet
Azelnidipine 16 mg tablet,140,Box,10 x 10 / Strip,Azelnidipine,16 mg,Tablet,Azilpine,',"Heart, Cholesterol & Hypertension",Cardiovascular,https://www.newlifeimpex.com/heart-health-cholesterol-hypertension-medicine.html#azelnidipine-16-mg-tablet
Azelnidipine Azeldip 16mg Tablet,172,Strip,10 x 10 / Strip,Azelnidipine,16 mg,Tablet,Glenmark,',Generic & Uncategorized,Other,https://www.newlifeimpex.com/pharmaceutical-tablet.html#azelnidipine-azeldip-16mg-tablet
Aziderm 10% azelaic acig gel,253,Tube,15 gm,Azelaic,10% w/w,"Cream, gel, lotion",Micro Labs,',Skin Care,Dermatology & Hair,https://www.newlifeimpex.com/skin-care-medicine.html#aziderm-10-azelaic-acig-gel
Aziderm 15% azilac acid gel,310,Tube,15 gm,',15%,"Cream, gel, lotion",Micro Labs,Micro labs,Skin Care,Dermatology & Hair,https://www.newlifeimpex.com/skin-care-medicine.html#aziderm-15-azilac-acid-gel
Azikaa DS azithromycin syrup,58,Bottle,15 ml / Bottle,Azithromycin,200mg/5ml,Syrup or liquid,Troikka,Troikaa,Antibiotics,Anti-Infectives,https://www.newlifeimpex.com/antibiotic-medicines.html#azikaa-ds-azithromycin-syrup
Azito-200 Azithtromycine Oral Susp,52,Bottle,15 ml / Bottle,Azithromycin,200mg/5ml,Syrup or liquid,pci,',Antibiotics,Anti-Infectives,https://www.newlifeimpex.com/antibiotic-medicines.html#azito-200-azithtromycine-oral-susp
Bayrocin Enrofloxacin 150 mg Tablets,116,Piece,box,Enrofloxacin,',Tablet,',',Veterinary,Veterinary,https://www.newlifeimpex.com/veterinary-medicine.html#bayrocin-enrofloxacin-150-mg-tablets
Benzac AC 5% gel,280,Piece,30gm in 1 tube,',5 %,"Cream, gel, lotion",Benzac AC 5%,Galderma India,Skin Care,Dermatology & Hair,https://www.newlifeimpex.com/skin-care-medicine.html#benzac-ac-5-gel
Benzac Ac Gel,147,Piece,50 gm,',5 %,"Cream, gel, lotion",',',Skin Care,Dermatology & Hair,https://www.newlifeimpex.com/skin-care-medicine.html#benzac-ac-gel
Benzac Ac Gel 2.5,90,Piece,20 gm,',2.5 %,"Cream, gel, lotion",Benzac,',Skin Care,Dermatology & Hair,https://www.newlifeimpex.com/skin-care-medicine.html#benzac-ac-gel-2-5
Benzaday 15mg Capsule,165,Box,',',15mg,Capsule,Benzaday 15,',Pain Killers,Pain & Musculoskeletal,https://www.newlifeimpex.com/pain-killer-medicines.html#benzaday-15mg-capsule
Betahistine Vertiford 24mg Tablets,80,Strip,10 Tablets,',24 mg,Tablet,',Leeford,Generic & Uncategorized,Other,https://www.newlifeimpex.com/generic-medicine.html#betahistine-vertiford-24mg-tablets
Betamethasone Betamsole injection,40,Piece,1 ml / Vial,',4 mg,Injection,Betamsol,',Anti-Allergy,Allergy & Immunology,https://www.newlifeimpex.com/anti-allergy-medicines.html#betamethasone-betamsole-injection
Betastal -BD Injection,100,Box,1*10 Tablets / Bottle,',4/10 mg,Injection,',American remedies,Anti-Allergy,Allergy & Immunology,https://www.newlifeimpex.com/anti-allergy-medicines.html#betastal-bd-injection
Bicstar 50/200/25 tablets,4000,Bottle,1x30Tablets / Box,',300 mg,Tablet,',Biometrix,Anti-HIV,Anti-Infectives,https://www.newlifeimpex.com/anti-hiv-medicine.html#bicstar-50-200-25-tablets
Bimode 100 Mg Bendamustine Injection,2000,Vial,Vial,Bendamustine,100 mg,Injection,',',Anti-Cancer,Oncology,https://www.newlifeimpex.com/anti-cancer-drugs.html#bimode-100-mg-bendamustine-injection
Bleocin Bleomycin Injection,650,Vial,Vial,Bleomycin,15 Units,Injection,Bleocin injection,Khandenwal,Anti-Cancer,Oncology,https://www.newlifeimpex.com/anti-cancer-drugs.html#bleocin-bleomycin-injection
Bonhans Tablet For Dog,440,Bottle,1 x 30 Tablet / Box,',',Tablet,Bonhans,Savavet,Veterinary,Veterinary,https://www.newlifeimpex.com/veterinary-medicine.html#bonhans-tablet-for-dog
Bortezomib 2.5mg Bortecad Injection,2060,Vial,',Bortezomib,Bortezomib 2.5 mg · 2.5 mg,Injection,Bortecad,',Anti-Cancer,Oncology,https://www.newlifeimpex.com/anti-cancer-products.html#bortezomib-2-5mg-bortecad-injection
Botanica Anti Ageing Cream,725,Piece,50 gm / Tube,',',"Cream, gel, lotion",',',Skin Care,Dermatology & Hair,https://www.newlifeimpex.com/skin-care-products.html#botanica-anti-ageing-cream
Botox 100 Iu Injection,17500,Vial,Vial,',100 IU,Injection,Botox,',Generic & Uncategorized,Other,https://www.newlifeimpex.com/generic-products.html#botox-100-iu-injection
Botox 50 Mg Injection,10000,Vial,Glass Bottle,',50 IU,Injection,Botox,',Generic & Uncategorized,Other,https://www.newlifeimpex.com/generic-products.html#botox-50-mg-injection
Bravact 500 Mg Tablets,2000,Strip,Strip,Fluralaner,Fluralaner,Tablet,Bravacto,Msd,Veterinary,Veterinary,https://www.newlifeimpex.com/veterinary-medicine.html#bravact-500-mg-tablets
Brinzolamide Brimonidine Eye Drop SIMBRINZA,710,Piece,5 ml,Brinzolamide; Brimonidine,',Drops,Simbrinza,Alcon,Eye Drops,Ophthalmology,https://www.newlifeimpex.com/eye-drops.html#brinzolamide-brimonidine-eye-drop-simbrinza
Brite wite cream,722,Piece,',',',"Cream, gel, lotion",Brite wite,',Skin Care,Dermatology & Hair,https://www.newlifeimpex.com/skin-care-products.html#brite-wite-cream
Bromcrep 2.5 mg Tablets,375,Strip,1*10 Tablets / Strip,',2.5 mg,Tablet,',Care Formolations,Infertility & Women’s Health,Women's Health,https://www.newlifeimpex.com/infertility-medicine-and-womens-health.html#bromcrep-2-5-mg-tablets
Bromfenac Uniborm Ophthalmic Solution 0.09%,222,Piece,5 ml,',',Syrup or liquid,Unibrom,',Eye Drops,Ophthalmology,https://www.newlifeimpex.com/eye-drops.html#bromfenac-uniborm-ophthalmic-solution-0-09
Bromocriptine Bromolact 2. 5mg Tablet,277,Strip,1*10 Tablet / Strip,Bromocriptine,2.5 mg,Tablet,BROMOLACT 2.5 MG,West Coast Pharmaceuticals,Infertility & Women’s Health,Women's Health,https://www.newlifeimpex.com/infertility-medicine-and-womens-health.html#bromocriptine-bromolact-2-5mg-tablet
Budamate 200 Inhaler,315,Piece,120 MDI,Formoterol; Budesonide,FORMOTROL AND BUDESONIDE · 200 mcg,Spray or inhaler,LUPIN,',COPD & Asthma,Respiratory,https://www.newlifeimpex.com/copd-asthma-inhalers-and-medicines.html#budamate-200-inhaler
Budamate 200 Transhaler,320,Piece,Packet,Budesonide,Budesonide,Other,Budamate,Lupin Ltd,COPD & Asthma,Respiratory,https://www.newlifeimpex.com/copd-asthma-inhalers-and-medicines.html#budamate-200-transhaler
Budecort 0.5 MG Respules,112,Pack,',Budesonide,Budesonide,Tablet,Budecort,Cipla,COPD & Asthma,Respiratory,https://www.newlifeimpex.com/copd-asthma-inhalers-and-medicines.html#budecort-0-5-mg-respules
Budesol Respules Cipla,256,Piece,2 ml,',0.5 mg,Spray or inhaler,Budesol,Cipla,COPD & Asthma,Respiratory,https://www.newlifeimpex.com/copd-asthma-inhalers-and-medicines.html#budesol-respules-cipla
Budesonide Budecort 200 Inhaler,464,Piece,200 MDI,Budesonide,200 mcg,Spray or inhaler,Budecort,',COPD & Asthma,Respiratory,https://www.newlifeimpex.com/copd-asthma-inhalers-and-medicines.html#budesonide-budecort-200-inhaler
Budez Cr Budesonide Capsules,290,Strip,50 Capsules / Box,Budesonide,3 mg,Capsule,',',Anti-Allergy,Allergy & Immunology,https://www.newlifeimpex.com/anti-allergy-medicines.html#budez-cr-budesonide-capsules
Bupron Sr 150mg,100,Strip,Box,',150 mg,Tablet,Bupron Sr,',Anti-Anxiety & Depression,Mental Health & Neurology,https://www.newlifeimpex.com/anti-anxiety-and-depression-medicine.html#bupron-sr-150mg
Burnfine ultra cream,100,Piece,15gm / Tube,',',"Cream, gel, lotion",',',Skin Care,Dermatology & Hair,https://www.newlifeimpex.com/skin-care-products.html#burnfine-ultra-cream
Busiron Buspirone (5mg) tablets,50,Strip,10 Tablets / Stripe,',5 mg,Tablet,Busiron 5 mg,',Anti-Anxiety & Depression,Mental Health & Neurology,https://www.newlifeimpex.com/anti-depressant-and-anit-anxiety.html#busiron-buspirone-5mg-tablets
Busiron Buspirone 10 mg tablets,65,Strip,10 Tablets / Stripe,',10 mg,Tablet,Busiron 10 mg,',Anti-Anxiety & Depression,Mental Health & Neurology,https://www.newlifeimpex.com/anti-depressant-and-anit-anxiety.html#busiron-buspirone-10-mg-tablets
Buspin Buspiron 10 mg tableys,66,Strip,10 Tablets / Stripe,',10 mg,Tablet,',',Anti-Anxiety & Depression,Mental Health & Neurology,https://www.newlifeimpex.com/anti-anxiety-and-depression-medicine.html#buspin-buspiron-10-mg-tableys
Busulfan 60mg Injection Bucelon,6500,Vial,Vial,',60 mg/10 mL,Injection,Busulfen injection,',Anti-Cancer,Oncology,https://www.newlifeimpex.com/anti-cancer-drugs.html#busulfan-60mg-injection-bucelon
Caberdost 0.5 Tablet,220,Strip,Strip,Cabergoline,Cabergoline · 0.5 mg,Tablet,Caberdose 0.5 mg,',Generic & Uncategorized,Other,https://www.newlifeimpex.com/generic-products.html#caberdost-0-5-tablet
Cabergoline Caberlee 0.25 Tablets,110,Strip,4 Tablets,Cabergoline,0.25 mg,Tablet,Caberlee 0.25,John lee,Generic & Uncategorized,Other,https://www.newlifeimpex.com/generic-medicine.html#cabergoline-caberlee-0-25-tablets
Cabergoline Cabsher 1 mg tablets,200,Strip,4 Tablets,Cabergoline,Cabergoline (1mg) · 1 mg,Tablet,Cabsher 1 mg,Asher,Infertility & Women’s Health,Women's Health,https://www.newlifeimpex.com/infertility-medicine-and-womens-health.html#cabergoline-cabsher-1-mg-tablets
Cabergoline Shreegoline 0.5mg Tablet,1872,Strip,10 tablets bottle,Cabergoline,0.5 mg,Tablet,',',Anti-Cancer,Oncology,https://www.newlifeimpex.com/anti-cancer-medicines.html#cabergoline-shreegoline-0-5mg-tablet
Cabgolin 0.5 Tablet,460,Strip,strip of 4 tablets / Strips,Cabergoline,Cabergoline · 0.5 mg,Tablet,Cabgolin,Sun Pharma Laboratories Ltd.,Generic & Uncategorized,Other,https://www.newlifeimpex.com/generic-medicine.html#cabgolin-0-5-tablet
Caditril Glyceryl Trinitrate Controlled Release Tablets,160,Bottle,Bottle,',',Tablet,Caditril,',"Heart, Cholesterol & Hypertension",Cardiovascular,https://www.newlifeimpex.com/heart-health-cholesterol-hypertension-medicine.html#caditril-glyceryl-trinitrate-controlled-release-tablets
Calcican Nasal Spray,2100,Piece,3.7ml / Bottle,',30 Metered Doses,Spray or inhaler,Calcican nasal spray,American remedise,Generic & Uncategorized,Other,https://www.newlifeimpex.com/generic-medicine.html#calcican-nasal-spray
Calcilol calcitriol 0.25 mcg capsules,115,Strip,1*10 Capsules / Strip,Calcitriol,0.25 mcg,Capsule,',',Generic & Uncategorized,Other,https://www.newlifeimpex.com/generic-products.html#calcilol-calcitriol-0-25-mcg-capsules
Calcimust 30 ml injection,68,Vial,30 ml vial / Glass Bottle,',',Injection,',',Veterinary,Veterinary,https://www.newlifeimpex.com/veterinary-medicine.html#calcimust-30-ml-injection
Calcium Folinate 15mg Leucorin Tablet,375,Strip,2X10 Tablets / Box,',Calcium Folinate · 15 mg,Tablet,Leucorin 15 mg,Samarth,Anti-Cancer,Oncology,https://www.newlifeimpex.com/anti-cancer-drugs.html#calcium-folinate-15mg-leucorin-tablet
Calutide 50 Bicalutamide Tablet,510,Strip,10 TABLETS / Stripe,Calutide; Bicalutamide,50 mg,Tablet,CALUTIDE 50,Cipla,Anti-Cancer,Oncology,https://www.newlifeimpex.com/anti-cancer-medicines.html#calutide-50-bicalutamide-tablet-415118870
Calutide 50 Bicalutamide Tablet,511,Strip,Stripe,Calutide; Bicalutamide,50 mg,Tablet,Calutide,Cipla,Anti-Cancer,Oncology,https://www.newlifeimpex.com/anti-cancer-medicines.html#calutide-50-bicalutamide-tablet-433238660
Candid B Beclometasone (0.025% w/v) + Clotrimazole (1% w/v) lotion,230,Piece,30 ml,Beclometasone; Clotrimazole,',"Cream, gel, lotion",Candid B lotion,',Skin Care,Dermatology & Hair,https://www.newlifeimpex.com/skin-care-products.html#candid-b-beclometasone-0-025-w-v-clotrimazole-1-w-v-lotion
Candid Clotrimazole (1% w/v) lotion,130,Piece,30 ml,Clotrimazole,',"Cream, gel, lotion",Candid lotion,',Skin Care,Dermatology & Hair,https://www.newlifeimpex.com/skin-care-products.html#candid-clotrimazole-1-w-v-lotion
Candid Lidocaine (2% w/v) + Clotrimazole (1% w/v) drop,107,Piece,10 ml / Bottle,Lidocaine; Clotrimazole,',Drops,Candid drop,',Skin Care,Dermatology & Hair,https://www.newlifeimpex.com/skin-care-products.html#candid-lidocaine-2-w-v-clotrimazole-1-w-v-drop
Candidox Ciclopirox (1% w/w) lotion,295,Piece,30 gm,Ciclopirox,1 %,"Cream, gel, lotion",Candidox lotion,',Anti-Allergy,Allergy & Immunology,https://www.newlifeimpex.com/anti-allergy-medicines.html#candidox-ciclopirox-1-w-w-lotion
Capnea Caffeine Citrate Oral Solution,280,Piece,1 ml,',Caffeine 20 mg,Syrup or liquid,Cipla,',Generic & Uncategorized,Other,https://www.newlifeimpex.com/generic-medicine.html#capnea-caffeine-citrate-oral-solution
Carkozom 5 Mg Carbimazole Tablet,250,Bottle,100 Tablets / Bottle,Carbimazole,5 mg,Tablet,carkozaom 5 mg,',Generic & Uncategorized,Other,https://www.newlifeimpex.com/generic-products.html#carkozom-5-mg-carbimazole-tablet
Carnotol 250 Mg Tablet,66,Strip,10*10 Tablets / Blister,',250 mg,Tablet,Carnotol 250 mg,',De-Addiction,Mental Health & Neurology,https://www.newlifeimpex.com/de-addiction-medicine.html#carnotol-250-mg-tablet
Cefoprox 200 Tablet,145,Strip,1*10 Tablets / Strip,Cefpodoxime,CEFOPODOXIME · 200mg,Tablet,Cefoprox,Cipla Ltd,Antibiotics,Anti-Infectives,https://www.newlifeimpex.com/antibiotic-medicines.html#cefoprox-200-tablet
Cefpet- XL 200 mg,170,Strip,1x10 tablets / Strip,',',Tablet,',',Veterinary,Veterinary,https://www.newlifeimpex.com/veterinary-medicine.html#cefpet-xl-200-mg
Cefrine Cefdinir 300 mg capsules,367,Strip,1*10 Tablets / Stripe,Cefdinir,300 mg,Capsule,Cefrine 300,',Anti-Allergy,Allergy & Immunology,https://www.newlifeimpex.com/anti-allergy-medicines.html#cefrine-cefdinir-300-mg-capsules
Cerazette Desogestrel 0.075mg Tablets,504,Strip,28 tablet / Strip,Desogestrel,0.075 mg,Tablet,',',Infertility & Women’s Health,Women's Health,https://www.newlifeimpex.com/infertility-medicine-and-womens-health.html#cerazette-desogestrel-0-075mg-tablets
Cernos Depot 1000Mg Injection,855,Vial,4ml / Box,',1000,Injection,Cernos,',Testosterone & Steroids,Men's Health,https://www.newlifeimpex.com/testosterone-and-steroids.html#cernos-depot-1000mg-injection
Cernos testosteron Gel 5 Gm,109,Pack,10x1x5 g / Tube,Testosterone,Testosteron gel · Testosterone (1% w/w),"Cream, gel, lotion",',',Testosterone & Steroids,Men's Health,https://www.newlifeimpex.com/testosterone-and-steroids.html#cernos-testosteron-gel-5-gm
Cetirizine Tablet 10 Mg Zyrtec,31,Box,10 Tablets / Box,Cetirizine,10 mg,Tablet,Zyrtec,Dr Reddy's Laboratories Ltd,Pain Killers,Pain & Musculoskeletal,https://www.newlifeimpex.com/pain-killer-medicines.html#cetirizine-tablet-10-mg-zyrtec
Cholestyramine (4gm) Choltran powder,87,Piece,Pack of 20 Sachet,',',Powder or sachet,',',"Heart, Cholesterol & Hypertension",Cardiovascular,https://www.newlifeimpex.com/heart-health-cholesterol-hypertension-medicine.html#cholestyramine-4gm-choltran-powder
Cialis Tadalafil Film Coated Tablets,548,Box,4 Film Coated Tablets / Box,Tadalafil,Tadalafil · 20mg,Tablet,Cialis,Lilly,Men's Health & Erectile Dysfunction,Men's Health,https://www.newlifeimpex.com/erectile-dysfunction-medicine.html#cialis-tadalafil-film-coated-tablets
Cinacalcet Cincalth (30mg) Tablet,900,Strip,1 x 10 tablets,',Hydrochloride · 30 mg,Tablet,Cincalth,',Thyroid,Metabolic & Endocrine,https://www.newlifeimpex.com/thyroid-medicine.html#cinacalcet-cincalth-30mg-tablet
Cinacalcet Pth 30mg Tablet,915,Strip,1 x 10 tablets / Blister,',Hydrochloride · 30 mg,Tablet,PTH,',Thyroid,Metabolic & Endocrine,https://www.newlifeimpex.com/thyroid-medicine.html#cinacalcet-pth-30mg-tablet
Cip-zox Chlorzoxazone Diclofenac Paracetamol Tablet,70,Box,1*10 Tablets / Strips,Diclofenac; Paracetamol,Diclofenac Sodium 50mg + Paracetamol 325mg + Chlorzoxazone 250mg,Tablet,cip zox,Cipla,Pain Killers,Pain & Musculoskeletal,https://www.newlifeimpex.com/pain-killer-medicines.html#cip-zox-chlorzoxazone-diclofenac-paracetamol-tablet
Cipla Aerocort Inhaler,301,Pack,200 metred Doses / Pack,',',Spray or inhaler,AEROCORT,Cipla,COPD & Asthma,Respiratory,https://www.newlifeimpex.com/copd-asthma-inhalers-and-medicines.html#cipla-aerocort-inhaler
Ciplox Ciprofloxacin drops,17,Piece,10 ml,Ciprofloxacin,',Drops,Ciplox drop,Cipla,Eye Drops,Ophthalmology,https://www.newlifeimpex.com/eye-drops.html#ciplox-ciprofloxacin-drops
Ciplox D Ciprofloxacin (0.3% w/v) + Dexamethasone (0.1% w/v) drop,29,Piece,10 ml,Ciprofloxacin; Dexamethasone,',Drops,Ciplox D drop,',Eye Drops,Ophthalmology,https://www.newlifeimpex.com/eye-drops.html#ciplox-d-ciprofloxacin-0-3-w-v-dexamethasone-0-1-w-v-drop
Ciprofloxacin and dexamethasone Ceflox dee drop,70,Piece,10 ml,Ciprofloxacin; Dexamethasone,',Drops,Ceflox dee,Laborate,Eye Drops,Ophthalmology,https://www.newlifeimpex.com/eye-drops.html#ciprofloxacin-and-dexamethasone-ceflox-dee-drop
Citicoline And Piracetam Nurocot P Tablets,500,Strip,1*10 tablets,',With Piracetam · 500 mg,Tablet,Nurocot P 400,Leeford,Anti-Anxiety & Depression,Mental Health & Neurology,https://www.newlifeimpex.com/anti-depressant-and-anit-anxiety.html#citicoline-and-piracetam-nurocot-p-tablets
Cizorest Amisulpride (200mg) tablets,219,Strip,Strips of 10 tablets,',200 mg,Tablet,Cizorest 200 mg,',Neurological & Psychiatric,Mental Health & Neurology,https://www.newlifeimpex.com/parkinsons-disease-schizophrenia-medicine.html#cizorest-amisulpride-200mg-tablets
Clarithromycin Clariface 500 tablet,170,Strip,Stripe,Clarithromycin,500 mg,Tablet,Clariface 500,Healing,Antibiotics,Anti-Infectives,https://www.newlifeimpex.com/antibiotic-medicines.html#clarithromycin-clariface-500-tablet
Clarithromycin Clarifod 500 tablet,300,Strip,1*10 Tablets / Box,Clarithromycin,500 mg,Tablet,Clarifod 500,Knoll,Antibiotics,Anti-Infectives,https://www.newlifeimpex.com/antibiotic-medicines.html#clarithromycin-clarifod-500-tablet
Clearwax Ear Drop,88,Piece,10 ml / Bottle,',',Drops,Clearwax drop,',Eye Drops,Ophthalmology,https://www.newlifeimpex.com/eye-drops.html#clearwax-ear-drop
Clenbuterol Clenbut Tablet 40mg,100,Strip,1*10 Tablets / Strips,Clenbuterol,40 mcg,Tablet,CLENBUT 40 MCG,Venkatesh,Testosterone & Steroids,Men's Health,https://www.newlifeimpex.com/testosterone-and-steroids.html#clenbuterol-clenbut-tablet-40mg
Clenbutrol 60 Mcg Klensmart 60 tablet,85,Strip,1*10 Tablets / Strips,Clenbuterol,60 mcg,Tablet,Kensmart 60 mcg,',Testosterone & Steroids,Men's Health,https://www.newlifeimpex.com/testosterone-and-steroids.html#clenbutrol-60-mcg-klensmart-60-tablet
Clenbutrol Clenfit 40 mg tablet,25,Strip,1*10 Tablets / Strips,Clenbuterol,40 mcg,Tablet,Cleanfit,',Testosterone & Steroids,Men's Health,https://www.newlifeimpex.com/testosterone-and-steroids.html#clenbutrol-clenfit-40-mg-tablet
CLINCITOP GEL 20 MG,60,Tube,20 g / Plastic Tube,',',"Cream, gel, lotion",CLINCITOP,',Skin Care,Dermatology & Hair,https://www.newlifeimpex.com/skin-care-products.html#clincitop-gel-20-mg
Clindamycin clinright 300 mg capsules,250,Strip,Stripe,Clindamycin,300 mg,Capsule,',',Antivirals,Anti-Infectives,https://www.newlifeimpex.com/antiviral-drugs.html#clindamycin-clinright-300-mg-capsules
Clindamycin Erytop Lotion,145,Piece,25 ml / Box,Clindamycin,Clindamycin (1% w/v) · (1% w/v),"Cream, gel, lotion",Erytop lotion,Usv,Anti-Cancer,Oncology,https://www.newlifeimpex.com/anti-cancer-medicines.html#clindamycin-erytop-lotion
clinsol Clindamycin + Nicotinamide gel,100,Tube,15 gm / Tube,Clindamycin,',"Cream, gel, lotion",Clinsol gel,',Skin Care,Dermatology & Hair,https://www.newlifeimpex.com/skin-care-products.html#clinsol-clindamycin-nicotinamide-gel
Clonil Clomipramine (25mg) tablets,100,Strip,',Clomipramine,25 mg,Tablet,Clonil,',Anti-Anxiety & Depression,Mental Health & Neurology,https://www.newlifeimpex.com/anti-depressant-and-anit-anxiety.html#clonil-clomipramine-25mg-tablets
Clotrimazole Clocip cream,50,Tube,15 gm,Clotrimazole,1% w/w,"Cream, gel, lotion",Clocip,',Skin Care,Dermatology & Hair,https://www.newlifeimpex.com/skin-care-products.html#clotrimazole-clocip-cream
Clotrimazole Cream Ip Skindid,50,Piece,15 gm,Clotrimazole; Clobetasol,Clobetasol Propionate · 1% w/w,"Cream, gel, lotion",',',Skin Care,Dermatology & Hair,https://www.newlifeimpex.com/skin-care-medicine.html#clotrimazole-cream-ip-skindid
Cobix 100 Capsule,555,Strip,10 Capsule / Box,',100mg,Capsule,',Cipla,Pain Killers,Pain & Musculoskeletal,https://www.newlifeimpex.com/pain-killer-medicines.html#cobix-100-capsule
Combigan Eye Drop,535,Piece,',',',Drops,Combigan,',Eye Drops,Ophthalmology,https://www.newlifeimpex.com/eye-drops.html#combigan-eye-drop
Conjugated Estrogen Vaginal Cream PREMARIN,519,Box,14 gm / Tube,Estrogen,Conjugated Estrogens (0.625mg),"Cream, gel, lotion",PREMARIN,',Anti-Allergy,Allergy & Immunology,https://www.newlifeimpex.com/anti-allergy-medicines.html#conjugated-estrogen-vaginal-cream-premarin
Cordarone Amiodarone Tablets,106,Box,1*10 Tablets / Stripe,',100 mg,Tablet,',',Generic & Uncategorized,Other,https://www.newlifeimpex.com/generic-products.html#cordarone-amiodarone-tablets
Cortavance Hydrocartisone Aceponate Cutaneous Spray,1250,Piece,Bottle,Hydrocortisone,',Syrup or liquid,Virbac,',Antivirals,Anti-Infectives,https://www.newlifeimpex.com/antiviral-drugs.html#cortavance-hydrocartisone-aceponate-cutaneous-spray
Covilife QTN 250 mg Capsules,150,Piece,10 capsules,',250 mg,Capsule,coviife qtn 250,',Anti-Allergy,Allergy & Immunology,https://www.newlifeimpex.com/anti-allergy-medicines.html#covilife-qtn-250-mg-capsules
Covilife-12 Ivermectin tablets,150,Strip,10*10 Box (100 Tablets) / Strip,Ivermectin,Ivermectin 12 mg · 12mg,Tablet,Covilife-12,',Antiparasitic & Antimalarial,Anti-Infectives,https://www.newlifeimpex.com/anti-parasitic-and-anti-malarial-medicines.html#covilife-12-ivermectin-tablets
Coviself Test Kit,200,Piece,',',',Other,Mylab,',Generic & Uncategorized,Other,https://www.newlifeimpex.com/generic-products.html#coviself-test-kit
Cyclosporine Conimune 100mg Capsules,427,Strip,5 Capsules / Strip,Cyclosporine,100 mg,Capsule,Canimune,Concord Biotech,Immunosuppressants,Allergy & Immunology,https://www.newlifeimpex.com/immunosuppressants.html#cyclosporine-conimune-100mg-capsules
Cyclosporine Grafotas 100mg capsules,225,Box,6x1x5 Capsules,Cyclosporine,100 mg,Tablet,Grafotas,Intas Pharmaceuticals Ltd,Immunosuppressants,Allergy & Immunology,https://www.newlifeimpex.com/immunosuppressants.html#cyclosporine-grafotas-100mg-capsules
Cycloxan Cyclophosphamide (50mg) tablets,39,Strip,1X10 Tablets / Strip,Cyclophosphamide,Cyclophosphamide · 50 mg,Tablet,Cycloxan 50 mg,',Anti-Cancer,Oncology,https://www.newlifeimpex.com/anti-cancer-products.html#cycloxan-cyclophosphamide-50mg-tablets
Cycloxan Cyclophosphamide 200mg Injection,100,Vial,Vial / Vial,Cyclophosphamide,Cyclophosphamide IP · 200 mg,Injection,Cycloxan,',Anti-Cancer,Oncology,https://www.newlifeimpex.com/anti-cancer-drugs.html#cycloxan-cyclophosphamide-200mg-injection
Cynacoblame Cynocan -12 injection,60,Vial,',',1000 mcg,Injection,Cynocan injection,America Remedies,Generic & Uncategorized,Other,https://www.newlifeimpex.com/generic-medicine.html#cynacoblame-cynocan-12-injection
Cytarabine Biobin Injection,350,Vial,1 ml / Vial,',1000 mg,Injection,Biobin,Zydus,Anti-Cancer,Oncology,https://www.newlifeimpex.com/anti-cancer-drugs.html#cytarabine-biobin-injection
Cytomid 250 mg Flutamide tablet,230,Strip,1*10 Tablets / Stripe,',250 mg,Tablet,Cytomid 250 mg,',Anti-Cancer,Oncology,https://www.newlifeimpex.com/anti-cancer-drugs.html#cytomid-250-mg-flutamide-tablet
Cytopoint 20 Mg Injection,5500,Box,2 vial in a box / Box,',',Injection,',',Veterinary,Veterinary,https://www.newlifeimpex.com/veterinary-medicine.html#cytopoint-20-mg-injection
Cytopoint 40 Mg Injection,10000,Piece,2 vials in a box / Box,',',Injection,',',Veterinary,Veterinary,https://www.newlifeimpex.com/veterinary-medicine.html#cytopoint-40-mg-injection
D-Cycline Doxycyline Injection 100mg,1329,Vial,1 Injection in Vial,Doxycycline,100mg,Injection,Dcycline,',Antibiotics,Anti-Infectives,https://www.newlifeimpex.com/antibiotic-medicines.html#d-cycline-doxycyline-injection-100mg
Dabigatran Dabibrook 150 mg capsules,210,Strip,10 strips in a box / Strip,Dabigatran,Dabigatran 150 mg · 150 mg,Capsule,',',"Heart, Cholesterol & Hypertension",Cardiovascular,https://www.newlifeimpex.com/heart-health-cholesterol-hypertension-medicine.html#dabigatran-dabibrook-150-mg-capsules
Dacarbazine Shivdaz 200 mg Injection,320,Vial,2 ml / Vial,',200 mg,Injection,Shivdaz 200 injection,',Anti-Cancer,Oncology,https://www.newlifeimpex.com/anti-cancer-drugs.html#dacarbazine-shivdaz-200-mg-injection
Dacilon Dactinomycin 0.5 Mg,300,Vial,',',0.5 mg,Injection,',',Anti-Cancer,Oncology,https://www.newlifeimpex.com/anti-cancer-medicines.html#dacilon-dactinomycin-0-5-mg
Dalacin C 300 mg capsules,300,Strip,Stripe,',300 mg,Capsule,',',Antibiotics,Anti-Infectives,https://www.newlifeimpex.com/antibiotic-medicines.html#dalacin-c-300-mg-capsules
Dalstep Dalfampridine Extended Release Tablets,451,Box,10*10 Tablets,',Dalfampridine (10mg),Tablet,Dalstep,',Anti-Anxiety & Depression,Mental Health & Neurology,https://www.newlifeimpex.com/anti-anxiety-and-depression-medicine.html#dalstep-dalfampridine-extended-release-tablets
Dapagliflazine Dapanta 10 mg tablet,170,Strip,10 strips in box / Alu pack,Dapagliflozin,Dapagliflozin · 10 mg,Tablet,',',Weight Loss & Anti-Diabetic,Metabolic & Endocrine,https://www.newlifeimpex.com/weight-loss-and-anti-diabetic-medicine.html#dapagliflazine-dapanta-10-mg-tablet
Dapagliflozin Cipdapla 10 Mg Tablets,110,Strip,10 tablets in a box,Dapagliflozin,Dapagliflozin 10 mg · 10 mg,Tablet,',',Weight Loss & Anti-Diabetic,Metabolic & Endocrine,https://www.newlifeimpex.com/weight-loss-and-anti-diabetic-medicine.html#dapagliflozin-cipdapla-10-mg-tablets
Dapagliflozin Forxiga 10mg Tablet,566,Box,14 tablets,Dapagliflozin,Dapagliflozin · 10 mg,Tablet,Forxiga,',Anti-Cancer,Oncology,https://www.newlifeimpex.com/anti-cancer-drugs.html#dapagliflozin-forxiga-10mg-tablet
Dapasmart M 10/1000 Dapagliflazin and metformin tablets,300,Strip,1*10 Tablets / Stripe,Dapagliflozin; Metformin,10 mg / 1000 mg,Tablet,Dapasmart M,',Weight Loss & Anti-Diabetic,Metabolic & Endocrine,https://www.newlifeimpex.com/weight-loss-and-anti-diabetic-medicine.html#dapasmart-m-10-1000-dapagliflazin-and-metformin-tablets
Dapasmart M 10/500 tablets,150,Strip,100 tablets in box / Alu-Alu,Dapagliflozin; Metformin,Dapagliflozin and metformin · 10 mg,Tablet,',',Weight Loss & Anti-Diabetic,Metabolic & Endocrine,https://www.newlifeimpex.com/weight-loss-and-anti-diabetic-medicine.html#dapasmart-m-10-500-tablets
Dapasmart-10 Dapagliflozin Tablets,200,Strip,1 x 10 tab / box,Dapagliflozin,10 mg,Tablet,Dapasmart,',Weight Loss & Anti-Diabetic,Metabolic & Endocrine,https://www.newlifeimpex.com/weight-loss-and-anti-diabetic-medicine.html#dapasmart-10-dapagliflozin-tablets
Dapoxetine Dapaforce 60 mg Tablets,140,Strip,Strips,Dapoxetine,60 mg,Tablet,Dapaforce 60 mg,Healing,Men's Health & Erectile Dysfunction,Men's Health,https://www.newlifeimpex.com/mens-health-erectile-dysfunction-drugs.html#dapoxetine-dapaforce-60-mg-tablets
Dapoxetine Dapforce 30 Tablets,100,Strip,Strips,Dapoxetine,30 mg,Tablet,Dapaforce,Hrealing,Men's Health & Erectile Dysfunction,Men's Health,https://www.newlifeimpex.com/mens-health-erectile-dysfunction-drugs.html#dapoxetine-dapforce-30-tablets
Dapoxetine Duratioa 90 Tablets,200,Strip,Strips,Dapoxetine,90 mg,Tablet,Duratia 90,Fortune,Men's Health & Erectile Dysfunction,Men's Health,https://www.newlifeimpex.com/mens-health-erectile-dysfunction-drugs.html#dapoxetine-duratioa-90-tablets
Dapoxetine Poxet 60 mg tablet,200,Strip,Strips,Dapoxetine,60 mg,Tablet,Poxet 60 mg,Sunrise,Men's Health & Erectile Dysfunction,Men's Health,https://www.newlifeimpex.com/mens-health-erectile-dysfunction-drugs.html#dapoxetine-poxet-60-mg-tablet
Dapoxetine poxet 90 mg tablet,250,Strip,Strips,Dapoxetine,90 mg,Tablet,Poxet 90,Sunrise,Men's Health & Erectile Dysfunction,Men's Health,https://www.newlifeimpex.com/mens-health-erectile-dysfunction-drugs.html#dapoxetine-poxet-90-mg-tablet
Dapsone Dapsone (100mg) tablets,500,Bottle,1000 Tablets / Bottle,',100 mg,Tablet,Dapsone,',Skin Care,Dermatology & Hair,https://www.newlifeimpex.com/skin-care-products.html#dapsone-dapsone-100mg-tablets
Dasanat Dasatinib 50 Mg,2300,Bottle,',Dasatinib,50 mg,Tablet,',Natco,Anti-Cancer,Oncology,https://www.newlifeimpex.com/anti-cancer-medicines.html#dasanat-dasatinib-50-mg
Daxid 50mg Tablet,120,Strip,Box Size,Sertraline,Sertraline (50mg) · 50 mg,Tablet,Daxid,Pfizer,Anti-Anxiety & Depression,Mental Health & Neurology,https://www.newlifeimpex.com/anti-anxiety-and-depression-medicine.html#daxid-50mg-tablet
Daxotel Docetaxel Injection,2000,Vial,2 ml / Vial,Docetaxel,80 mg,Injection,Daxotel,',Anti-Cancer,Oncology,https://www.newlifeimpex.com/anti-cancer-drugs.html#daxotel-docetaxel-injection
Decapeptyl Depot Triptorelin Acetate 3.75mg Injection,7260,Vial,Vial,Triptorelin,3.75 mg,Injection,Decapeptyl Depot,',Anti-Cancer,Oncology,https://www.newlifeimpex.com/anti-cancer-drugs.html#decapeptyl-depot-triptorelin-acetate-3-75mg-injection
Deflazacort 6 Mg Tablet Donacortil,100,Strip,10 tablets / 1 X 10,Deflazacort,6 mg,Tablet,DONACORTIL 6 MG,Univentis,Anti-Allergy,Allergy & Immunology,https://www.newlifeimpex.com/anti-allergy-medicines.html#deflazacort-6-mg-tablet-donacortil
Deinogesterol Dienogest 2 mg Tablet,541,Strip,1*10 Tablets / Box,',',Tablet,',',Infertility & Women’s Health,Women's Health,https://www.newlifeimpex.com/infertility-medicine-and-womens-health.html#deinogesterol-dienogest-2-mg-tablet
Depi White Cream,669,Piece,15 ML,',',"Cream, gel, lotion",DEPI WHITE,',Skin Care,Dermatology & Hair,https://www.newlifeimpex.com/skin-care-medicine.html#depi-white-cream
Depsonil Imipramine (25mg) tablets,50,Strip,10 Tablets / Strip,Imipramine,Hydrochloride · 25 mg,Tablet,Depsonil,',Anti-Anxiety & Depression,Mental Health & Neurology,https://www.newlifeimpex.com/anti-depressant-and-anit-anxiety.html#depsonil-imipramine-25mg-tablets
Desvenlafaxine Extended Release Prestiq 100 mg Tablet,297,Strip,1 x 10 tablets / Strip,Desvenlafaxine,Desvenlafaxine · 100 mg,Tablet,Prestiq,Pfizer Ltd,Generic & Uncategorized,Other,https://www.newlifeimpex.com/pharmaceutical-tablet.html#desvenlafaxine-extended-release-prestiq-100-mg-tablet
Dexamak Dexamethasone injection,25,Vial,2ml,Dexamethasone,2 mg/ml,Injection,Dexamak,',Anti-Allergy,Allergy & Immunology,https://www.newlifeimpex.com/anti-allergy-medicines.html#dexamak-dexamethasone-injection
DFO 4 X Gel,230,Tube,50gm / Tube,Diclofenac,Diclofenac (4% w/w),"Cream, gel, lotion",Ozone,',Pain Killers,Pain & Musculoskeletal,https://www.newlifeimpex.com/pain-killer-medicines.html#dfo-4-x-gel
Diamicron 80 Gliclazide Tablets,83,Strip,Box / Strip,Gliclazide,80 mg,Tablet,',',Weight Loss & Anti-Diabetic,Metabolic & Endocrine,https://www.newlifeimpex.com/weight-loss-and-anti-diabetic-medicine.html#diamicron-80-gliclazide-tablets
Diclofenac Jonac Aq Injection,24,Vial,1ml / Vial,Diclofenac,75 mg,Injection,Jonac Aq,Zydus cadila,Pain Killers,Pain & Musculoskeletal,https://www.newlifeimpex.com/pain-killer-medicines.html#diclofenac-jonac-aq-injection
Diosmin Daflon 1000 Mg Tablet,300,Box,1*10 Tablets / Strips,',DIOSMIN · 1000 mg,Tablet,DAFLON,Serdia Pharmaceuticals,Anti-Cancer,Oncology,https://www.newlifeimpex.com/anti-cancer-medicines.html#diosmin-daflon-1000-mg-tablet
Dog Dewormer Skyworm XL Tablets,320,Strip,2 Tablet,',',Tablet,',',Veterinary,Veterinary,https://www.newlifeimpex.com/veterinary-medicines.html#dog-dewormer-skyworm-xl-tablets
Dolonex 2ml Injection,98,Vial,1 Injection in 1 packet,',PIROXICAM 20ML · 20MG,Injection,DOLONEX,Pfizer Ltd,Pain Killers,Pain & Musculoskeletal,https://www.newlifeimpex.com/pain-killer-medicines.html#dolonex-2ml-injection
Dolonex Dt 20mg Tablet,200,Strip,15 Tablets / Box,',20mg,Tablet,Dolonex DT,Pfizer,Pain Killers,Pain & Musculoskeletal,https://www.newlifeimpex.com/pain-killer-medicines.html#dolonex-dt-20mg-tablet
Dolutegravir + Lamivudine+ Tenofovir disoproxil fumarate XAPAVIR LT,1400,Bottle,1x30Tablets / Box,Dolutegravir; Lamivudine; Tenofovir,50/300/300,Tablet,',Natco,Anti-HIV,Anti-Infectives,https://www.newlifeimpex.com/anti-hiv-medicine.html#dolutegravir-lamivudine-tenofovir-disoproxil-fumarate-xapavir-lt
Domperidone Troydom 10 Mg Tablet,25,Box,10 tablets / Strip,Domperidone,Domperidone 10 mg · 10 mg,Tablet,Troikaa,',Generic & Uncategorized,Other,https://www.newlifeimpex.com/pharmaceutical-tablet.html#domperidone-troydom-10-mg-tablet
Doreye-T eye drop,250,Piece,5 ml / Bottle,',',Drops,Doreye T,Care Formolations,Eye Drops,Ophthalmology,https://www.newlifeimpex.com/eye-drops.html#doreye-t-eye-drop
Dorzox Eye Drops,459.03,Bottle,Bottle,',2% w/v,Drops,DORZOX,Cipla,Eye Drops,Ophthalmology,https://www.newlifeimpex.com/eye-drops.html#dorzox-eye-drops
Dostarlimab Jemperli 500mg Injection,390691,Vial,Vial,',500 mg,Injection,',',Anti-Cancer,Oncology,https://www.newlifeimpex.com/anti-cancer-medicines.html#dostarlimab-jemperli-500mg-injection
Doxolin Doxofylline 400 Mg Tablets,139,Strip,',',400 mg,Tablet,Doxolin 400 mg,Zudus cadila,COPD & Asthma,Respiratory,https://www.newlifeimpex.com/copd-asthma-inhalers-and-medicines.html#doxolin-doxofylline-400-mg-tablets
Doxymap-100 Doxyicycline Injection,523,Vial,2 Injections in Vial,Doxycycline,100mg,Injection,Doxymap,',Antibiotics,Anti-Infectives,https://www.newlifeimpex.com/antibiotic-medicines.html#doxymap-100-doxyicycline-injection
Dronis -P Drosperinone Tablet,480,Strip,',',40 mg,Tablet,Dronis P tablet,Sun pharma,Infertility & Women’s Health,Women's Health,https://www.newlifeimpex.com/infertility-medicine-and-womens-health.html#dronis-p-drosperinone-tablet
Drostanolone Dostrabix 100 mg injection,210,Vial,Vial,Drostanolone,100 mg,Injection,Dostrabix 100 mg,',Testosterone & Steroids,Men's Health,https://www.newlifeimpex.com/testosterone-and-steroids.html#drostanolone-dostrabix-100-mg-injection
Drostanolone Propionate Masterbol 100 mg Injection,800,Box,10 x 1,Drostanolone,Drostanolone Propionate · 100 mg,Injection,Masterbol,Shree Venkatesh International Ltd.,Generic & Uncategorized,Other,https://www.newlifeimpex.com/pharmaceutical-tablet.html#drostanolone-propionate-masterbol-100-mg-injection
Drostanolone Propionate Masteron 100mg Injection,200,Vial,1 ml / Vial,Drostanolone,100 mg,Injection,Masteron,',Testosterone & Steroids,Men's Health,https://www.newlifeimpex.com/testosterone-and-steroids.html#drostanolone-propionate-masteron-100mg-injection
Duolin Inhaler 200md,450,Pack,200 mdi / Box,Ipratropium,Ipratropium Bromide and Levosalbutamol,Spray or inhaler,Duolin,',COPD & Asthma,Respiratory,https://www.newlifeimpex.com/copd-asthma-inhalers-and-medicines.html#duolin-inhaler-200md
DUONASE NASAL DROP,588,Piece,70 Metered Doses / Bottle,Azelastine; Fluticasone,Azelastine Hydrochloride 0.14 % w/w + Fluticasone Furoate 0.0275 w/w,Drops,',',Eye Drops,Ophthalmology,https://www.newlifeimpex.com/eye-drops.html#duonase-nasal-drop
Duovir N Tablet,723,Bottle,30 Tablets,',',Tablet,Duovir N,Cipla,Anti-HIV,Anti-Infectives,https://www.newlifeimpex.com/anti-hiv-medicine.html#duovir-n-tablet
Dutaheal 0.5 Mg Dutasteride Tablets,140,Strip,10*10 Tablets / Alu Alu,Dutasteride,0.5 mg,Tablet,Dutaheal,',Men's Health & Erectile Dysfunction,Men's Health,https://www.newlifeimpex.com/mens-health-erectile-dysfunction-drugs.html#dutaheal-0-5-mg-dutasteride-tablets
Dutasteride 0.5mg Capsule Dutaheal,300,Strip,1 x 30 / Strips,Dutasteride,Dutasteride · 0.5 mg,Capsule,',Healing Pharma,Men's Health & Erectile Dysfunction,Men's Health,https://www.newlifeimpex.com/mens-health-erectile-dysfunction-drugs.html#dutasteride-0-5mg-capsule-dutaheal
Dutasteride 0.5mg Dutanol Tablets,125,Strip,1*10 Tablets / Strips,Dutasteride,Dutasteride Only · 0.5 mg,Tablet,DUTANOL,Knoll,Men's Health & Erectile Dysfunction,Men's Health,https://www.newlifeimpex.com/mens-health-erectile-dysfunction-drugs.html#dutasteride-0-5mg-dutanol-tablets
Dutasteride 0.5mg Tablets Novodart,80,Strip,1*10 Tablets / Strips,Dutasteride,Dutasteride Only · 0.5 mg,Tablet,Novodart,Kachhela,Men's Health & Erectile Dysfunction,Men's Health,https://www.newlifeimpex.com/mens-health-erectile-dysfunction-drugs.html#dutasteride-0-5mg-tablets-novodart
Dytor 10 mg,80,Strip,Box,',10 mg,Other,',',Anti-Anxiety & Depression,Mental Health & Neurology,https://www.newlifeimpex.com/anti-anxiety-and-depression-medicine.html#dytor-10-mg
E-400 vitamin capsules,100,Strip,',',400mg,Capsule,E-400,Zenlabs,Skin Care,Dermatology & Hair,https://www.newlifeimpex.com/skin-care-products.html#e-400-vitamin-capsules
Efavirenz Efavir 600mg Table,1607,Bottle,30 tablets,Efavirenz,600 mg,Tablet,Efavir,Cipla Ltd,Antivirals,Anti-Infectives,https://www.newlifeimpex.com/antiviral-drugs.html#efavirenz-efavir-600mg-table
Eflornithine Eviflor cream,999,Tube,15 gm / Tube,Eflornithine,',"Cream, gel, lotion",',',Hair Care & Growth,Dermatology & Hair,https://www.newlifeimpex.com/hair-care-hair-growth-medicines.html#eflornithine-eviflor-cream
Elevat Fluoxetine 20 Mg Capsules,60,Strip,10*10 Capsules,Fluoxetine,20 mg,Tablet,',',Anti-Anxiety & Depression,Mental Health & Neurology,https://www.newlifeimpex.com/anti-anxiety-and-depression-medicine.html#elevat-fluoxetine-20-mg-capsules
Elosone Mometasone Aqueous Nasal Spray,245,Piece,10 ml / Lami Tube,Mometasone,Mometasone · 50 mcq/spray,Spray or inhaler,Elosone,',COPD & Asthma,Respiratory,https://www.newlifeimpex.com/copd-asthma-inhalers-and-medicines.html#elosone-mometasone-aqueous-nasal-spray
Eltrombopag Tablets 25 Mg Rebopag,2887,Box,7 Tablets / Strip,Eltrombopag,25 mg,Tablet,Rebopag,Msn,Anti-HIV,Anti-Infectives,https://www.newlifeimpex.com/anti-hiv-medicine.html#eltrombopag-tablets-25-mg-rebopag
Eltroxin Thyroxine Sodium 50 MCG Tablets,200,Bottle,120 tablets bottle / BOTTLE,Thyroxine,50 mcg,Tablet,Eltroxin,',Thyroid,Metabolic & Endocrine,https://www.newlifeimpex.com/thyroid-medicine.html#eltroxin-thyroxine-sodium-50-mcg-tablets
Emapsamrt Emphagliflazine 10 mg tablets,200,Strip,10 Tabets,',10 mg,Tablet,Empasmart,',Weight Loss & Anti-Diabetic,Metabolic & Endocrine,https://www.newlifeimpex.com/weight-loss-and-anti-diabetic-medicine.html#emapsamrt-emphagliflazine-10-mg-tablets
Emcure Viropil Tablet,2250,Bottle,30 Tablets / Bottle,Dolutegravir; Lamivudine; Tenofovir,Dolutegravir 50 mg + Lamivudine 300 mg + Tenofovir Disoproxil Fumarate 300 mg · 50 300 300 mg,Tablet,Viropil,Emcure,Anti-HIV,Anti-Infectives,https://www.newlifeimpex.com/anti-hiv-medicine.html#emcure-viropil-tablet
Emtricitabine + Tenofovir Disoproxil Fumarate Tenvir Em Tablet,600,Bottle,1x30Tablets / Box,Emtricitabine; Tenofovir; Tenvir,150 mg,Tablet,Cipla,Cipla,Anti-HIV,Anti-Infectives,https://www.newlifeimpex.com/anti-hiv-medicine.html#emtricitabine-tenofovir-disoproxil-fumarate-tenvir-em-tablet
Emtricitabine And Tenofovir Alafenamide,1800,Bottle,30 tablet00 / Bottle,Emtricitabine; Tenofovir,25 mg,Tablet,Tafro Em,',Anti-HIV,Anti-Infectives,https://www.newlifeimpex.com/anti-hiv-medicine.html#emtricitabine-and-tenofovir-alafenamide
Enalapril ENam 2.5MG Tablet,34,Strip,10 x 2 x 15 tablets / Strip,',2.5 mg,Tablet,Enam,',Generic & Uncategorized,Other,https://www.newlifeimpex.com/pharmaceutical-tablet.html#enalapril-enam-2-5mg-tablet
Enclomiphene Enclomisign 50 mg Tablets,100,Strip,1X5 / Stripe,',50 mg,Tablet,',',Infertility & Women’s Health,Women's Health,https://www.newlifeimpex.com/infertility-medicine-and-womens-health.html#enclomiphene-enclomisign-50-mg-tablets
Encorate Chrono 300 tablets,68,Strip,',',300 mg,Tablet,Encorate crono 300,Sun pharma,Generic & Uncategorized,Other,https://www.newlifeimpex.com/generic-medicine.html#encorate-chrono-300-tablets
Endoxan Cyclophosphamide 50mg Tablet,50,Strip,Box,Cyclophosphamide,500 mg,Tablet,Endoxan,',Anti-Cancer,Oncology,https://www.newlifeimpex.com/anti-cancer-drugs.html#endoxan-cyclophosphamide-50mg-tablet
Enrofloxacin 150 mg Endropet Tablets,120,Piece,10 Tablet / strips pack,Enrofloxacin,150 mg,Tablet,Endropet,',Veterinary,Veterinary,https://www.newlifeimpex.com/veterinary-medicines.html#enrofloxacin-150-mg-endropet-tablets
Enrofloxacin Meriquin 150 mg tablet,1450,Pack,100 tablets in a box / Blister pack,Enrofloxacin,150 mg,Tablet,Meriquin 150 mg tablets,',Anti-Cancer,Oncology,https://www.newlifeimpex.com/anti-cancer-medicines.html#enrofloxacin-meriquin-150-mg-tablet
Enrostrong 10% Enrofloxacin Oral Solution,159,Bottle,100 ML / Bottle,Enrofloxacin,ENROFLOXACIN · 10%,Syrup or liquid,',Intas Pharmaceuticals Ltd,Veterinary,Veterinary,https://www.newlifeimpex.com/veterinary-medicine.html#enrostrong-10-enrofloxacin-oral-solution
Entacom Entacapone (200mg) tablets,85,Strip,strips of 10 tablets,',Plain · 200 mg,Tablet,Entacom 200 mg,',Neurological & Psychiatric,Mental Health & Neurology,https://www.newlifeimpex.com/parkinsons-disease-schizophrenia-medicine.html#entacom-entacapone-200mg-tablets
Entecavir Entecashiv 0.5 mg tablet,500,Bottle,Box,Entecavir,0.5 mg,Tablet,Entecashiv 0.5 mg tablet,Shivnaam,Anti-Cancer,Oncology,https://www.newlifeimpex.com/anti-cancer-drugs.html#entecavir-entecashiv-0-5-mg-tablet
Enzanamo Enzalutamide 40 Mg Capsules,11200,Box,4*28 Capsules / Strip,Enzalutamide,Enzalutamide · 40 mg,Capsule,Enzanamo,',Anti-Cancer,Oncology,https://www.newlifeimpex.com/anti-cancer-medicines.html#enzanamo-enzalutamide-40-mg-capsules
Eplerenone Urenone 50mg Tablet,250,Strip,1 x 10 tablets / Strip,',Eplerenone · 50 mg,Tablet,Urenone,Sun Pharma,Generic & Uncategorized,Other,https://www.newlifeimpex.com/pharmaceutical-tablet.html#eplerenone-urenone-50mg-tablet
Eporice 4000 Injection,1000,Piece,',Erythropoietin,Recombinant Human Erythropoietin Alfa (4000IU) · 4000 IU,Injection,Eporice,',Anemia,Hematology,https://www.newlifeimpex.com/anemia-medicine.html#eporice-4000-injection
Erdafitinib Erdanat 4mg Tablet,450000,Box,60 / Bottle,Erdafitinib,Erdafitinib · 4mg,Tablet,Drug Internation LTD,International Pharma,Generic & Uncategorized,Other,https://www.newlifeimpex.com/generic-medicine.html#erdafitinib-erdanat-4mg-tablet
Erththropiotin Epofit 6000 IU,950,Pack,',Erythropoietin,Erythropoietin · 6000 IU,Injection,Epofit 6000,',Anemia,Hematology,https://www.newlifeimpex.com/anemia-medicine.html#erththropiotin-epofit-6000-iu
Erykine 40000 Iu Erythropiotin,3000,Vial,',Erythropoietin,Erythropoietin injection · 40000 IU,Injection,ERYKINE 40000 IU,',Anemia,Hematology,https://www.newlifeimpex.com/anemia-medicine.html#erykine-40000-iu-erythropiotin
Erythropoietin Epofit 10000 Injection,900,Vial,',Erythropoietin,Erythropoietin Injection · 10000 IU,Injection,Epofit injection,',Anemia,Hematology,https://www.newlifeimpex.com/anemia-medicine.html#erythropoietin-epofit-10000-injection
Erythropoietin Relipiotin 10000 Injection,800,Vial,',Erythropoietin,Erythropoietin · 10000 IU,Injection,Relipiotin injection,',Generic & Uncategorized,Other,https://www.newlifeimpex.com/generic-products.html#erythropoietin-relipiotin-10000-injection
Esoheal 40 mg Esamprazole tablets,163,Strip,1*15 Tablets / Strips,Esomeprazole,Esomeprazole 40 mg · 40 mg,Tablet,',',Generic & Uncategorized,Other,https://www.newlifeimpex.com/generic-medicine.html#esoheal-40-mg-esamprazole-tablets
Esoheal-20 Esomeprazole Gastoro Resistant Tablets,87,Strip,1*15 Tablets / Strips,Esomeprazole,Esomeprazole 20 mg · 20 mg,Tablet,',',Generic & Uncategorized,Other,https://www.newlifeimpex.com/generic-medicine.html#esoheal-20-esomeprazole-gastoro-resistant-tablets
Essential Amino Acid Injection Astymin-3,170,Vial,1 ml / Vial,',',Injection,ASTYMIN-3,',Generic & Uncategorized,Other,https://www.newlifeimpex.com/generic-products.html#essential-amino-acid-injection-astymin-3
Eszopiclone 6 mg tablet Es-Zopimaxx,100,Strip,5 × 10 tablets / Stripe,Eszopiclone,Eszopiclone USP · 6 mg,Tablet,Es-Zopimaxx 6 mg,',Anti-Anxiety & Depression,Mental Health & Neurology,https://www.newlifeimpex.com/anti-depressant-and-anit-anxiety.html#eszopiclone-6-mg-tablet-es-zopimaxx
Etoshine 90 mg,100,Strip,10 TABLET IN A STRIP / STRIP,Etoricoxib; Thiocolchicoside,Etoricoxib 60 mg & Thiocolchicoside 4 mg · 90 MG,Other,ETOSHINE MR,Sun Pharma,Antibiotics,Anti-Infectives,https://www.newlifeimpex.com/antibiotic-medicines.html#etoshine-90-mg
Euthyrox Levothyroxine Sodium Tablets,148,Bottle,100 Tablets / Bottle,Levothyroxine; Thyroxine,100 mcg,Tablet,Euthyrox,',Thyroid,Metabolic & Endocrine,https://www.newlifeimpex.com/thyroid-medicine.html#euthyrox-levothyroxine-sodium-tablets
Evalon Vaginal Cream,450,Piece,15 gm / Box,Estradiol,Estriol,"Cream, gel, lotion",Evalon,Torrent Pharma,Infertility & Women’s Health,Women's Health,https://www.newlifeimpex.com/infertility-medicine-and-womens-health.html#evalon-vaginal-cream
Exemptia 40 mg vial,7300,Vial,Vial,',',Injection,',Zydus,Anti-Cancer,Oncology,https://www.newlifeimpex.com/anti-cancer-medicines.html#exemptia-40-mg-vial
Extra Super Tadarise Tablet,250,Strip,1*10 Tablets / Strip,',20/60,Tablet,EXTRA SUPER TADARISE,Sunrise,Men's Health & Erectile Dysfunction,Men's Health,https://www.newlifeimpex.com/erectile-dysfunction-medicine.html#extra-super-tadarise-tablet
Extreme Levifil Power,470,Strip,1*10 Tablets / Strips,Vardenafil; Dapoxetine,VARDENFIL 20 mg + Dapoxetine 100 mg · 20/100,Tablet,',',Men's Health & Erectile Dysfunction,Men's Health,https://www.newlifeimpex.com/erectile-dysfunction-medicine.html#extreme-levifil-power
Eyemist Eye Drops,180,Piece,Box,',',Drops,',',Eye Drops,Ophthalmology,https://www.newlifeimpex.com/eye-drops.html#eyemist-eye-drops
Ezentia Ezetimibe Tablets,170,Strip,10 TABLETS IN A STRIPE,Ezetimibe,EZETIMIBE 10MG,Tablet,EZENTIA,Sun Pharmaceuticals,Generic & Uncategorized,Other,https://www.newlifeimpex.com/generic-products.html#ezentia-ezetimibe-tablets
Ezetimibe Zetiheal 10 mg Tablets,50,Strip,20X10 Tablets,Ezetimibe,Ezetimibe 10mg,Tablet,',',Weight Loss & Anti-Diabetic,Metabolic & Endocrine,https://www.newlifeimpex.com/weight-loss-and-anti-diabetic-medicine.html#ezetimibe-zetiheal-10-mg-tablets
Famciclovir 500 Mg Tablets 500 MG,365,Strip,30 Tablets / Stripe,Famciclovir,Famciclovir 500 Mg · 500 mg,Tablet,MICROVIR 500 MG,Micro,Antibiotics,Anti-Infectives,https://www.newlifeimpex.com/antibiotic-medicines.html#famciclovir-500-mg-tablets-500-mg
Famotidine Tablet 20mg,5,Strip,10 x 10,Famotidine,20 mg,Tablet,Famotidine,',Generic & Uncategorized,Other,https://www.newlifeimpex.com/generic-medicine.html#famotidine-tablet-20mg
Fanit 20 mg Famotidine Tablet,20,Strip,',Famotidine,20 mg,Tablet,Fanit,Hab pharma,Generic & Uncategorized,Other,https://www.newlifeimpex.com/generic-medicine.html#fanit-20-mg-famotidine-tablet
FCN Fluconazole 150 mg tablets,27,Strip,1*2 / Stripe,Fluconazole,150mg,Tablet,',',Anti-Allergy,Allergy & Immunology,https://www.newlifeimpex.com/anti-allergy-medicines.html#fcn-fluconazole-150-mg-tablets
Femistra Anastrozole 1 Mg Tablets,366,Strip,1*10 Tablets / Stripe,Anastrozole,ANASTROZOLE 1 MG · 1 mg,Tablet,FEMISTRA,Zydus Cadila,Anti-Cancer,Oncology,https://www.newlifeimpex.com/anti-cancer-medicines.html#femistra-anastrozole-1-mg-tablets
Fencol Chloramphenicol Palmitate Oral Suspension,100,Bottle,60 ml / Bottle,Chloramphenicol,100 mg,Syrup or liquid,Fencol,',Antivirals,Anti-Infectives,https://www.newlifeimpex.com/antiviral-drugs.html#fencol-chloramphenicol-palmitate-oral-suspension
FENOBIBRTE 160 MG FINATE,171,Box,5 × 10 tablets / Blister Pack,Fenofibrate,Fenofibrate · 160 mg,Tablet,Finabate,',"Heart, Cholesterol & Hypertension",Cardiovascular,https://www.newlifeimpex.com/heart-health-cholesterol-hypertension-medicine.html#fenobibrte-160-mg-finate
Fenoday Fenofibrate 200mg Tablets,185,Strip,10*10 Tablets / Stripe,Fenofibrate,200 mg,Tablet,Fenoday 200 mg,',Generic & Uncategorized,Other,https://www.newlifeimpex.com/generic-medicine.html#fenoday-fenofibrate-200mg-tablets
Fenofibrate Finate 160mg Tablets,166,Strip,1*10 Tablets / Box,Fenofibrate,160 mg,Tablet,Finate 160,Franco Indian,Generic & Uncategorized,Other,https://www.newlifeimpex.com/generic-medicine.html#fenofibrate-finate-160mg-tablets
Ferric Carboxymaltose Orofer 1000mg Injection,6085,Vial,20 ml Vial / Vial,',1000 mg/20 ml,Injection,Ferinject,',Generic & Uncategorized,Other,https://www.newlifeimpex.com/pharmaceutical-tablet.html#ferric-carboxymaltose-orofer-1000mg-injection
Fertigyn 5000 Iu Injection,450,Vial,1 Injection in 1 vial,Chorionic; Gonadotropin,Human chorionic gonadotropin (hCG) (5000IU) · 5000iu,Injection,',Sun Pharmaceutical Industries Ltd,Infertility & Women’s Health,Women's Health,https://www.newlifeimpex.com/infertility-medicine-and-womens-health.html#fertigyn-5000-iu-injection
Fertigyn-HP-10000 Chorionic Gonadotrophin Injection,1100,Piece,Vial,Chorionic; Gonadotropin,10000iu,Injection,Fertigyn,',Infertility & Women’s Health,Women's Health,https://www.newlifeimpex.com/infertility-medicine-and-womens-health.html#fertigyn-hp-10000-chorionic-gonadotrophin-injection
Festal N Pancreatin Tablets,150,Strip,Strips,',Pancreatin,Tablet,Festel N,',Generic & Uncategorized,Other,https://www.newlifeimpex.com/generic-medicine.html#festal-n-pancreatin-tablets
Fexofenadine 180mg Tablet,302,Strip,10 Tablets / Box,Fexofenadine,180 mg,Tablet,Allegra,Sanofi India,Anti-Allergy,Allergy & Immunology,https://www.newlifeimpex.com/anti-allergy-medicines.html#fexofenadine-180mg-tablet
Filagrastim Injection 300mcg,1334,Vial,Box,Filgrastim,300 mcg,Injection,Zydus,',Anti-Cancer,Oncology,https://www.newlifeimpex.com/anti-cancer-drugs.html#filagrastim-injection-300mcg
Filitra Vardenafil 10 Mg Tablets,160,Strip,10 TABLETS / Box,Vardenafil,VARDENAFIL 10 MG · 10 mg,Tablet,',',Men's Health & Erectile Dysfunction,Men's Health,https://www.newlifeimpex.com/mens-health-erectile-dysfunction-drugs.html#filitra-vardenafil-10-mg-tablets
Finalo Finasteride 1mg Tablet,65,Strip,10 x 10 / Alu Alu,Finasteride,1 mg,Tablet,finalo,Intas Pharma,Hair Care & Growth,Dermatology & Hair,https://www.newlifeimpex.com/hair-care-hair-growth-medicines.html#finalo-finasteride-1mg-tablet
FINASTERIDE HEALPESIA 5 MG Tablet,300,Box,10*10 Tablets / Strips,Finasteride,5 mg,Tablet,Healpesia 5 mg,Healing pharma,Hair Care & Growth,Dermatology & Hair,https://www.newlifeimpex.com/hair-care-hair-growth-medicines.html#finasteride-healpesia-5-mg-tablet
Finasteride Proscare 5 mg tablet,60,Strip,10*10 Tablets / Strips,Finasteride,Finasteride 5 mg · 5 mg,Tablet,Proscare 5 mg,Fortune,Hair Care & Growth,Dermatology & Hair,https://www.newlifeimpex.com/hair-care-hair-growth-medicines.html#finasteride-proscare-5-mg-tablet
Finax 1mg Tablet,195,Box,5*1*30 / Strips,',1 mg,Tablet,Finax,Dr Reddy,Hair Care & Growth,Dermatology & Hair,https://www.newlifeimpex.com/hair-care-hair-growth-medicines.html#finax-1mg-tablet
Finax Finasteride 1mg Tablet,280,Strip,30 TABLETS / Strips,Finasteride,1 mg,Tablet,FINAX,Dr Reddy,Hair Care & Growth,Dermatology & Hair,https://www.newlifeimpex.com/hair-care-hair-growth-medicines.html#finax-finasteride-1mg-tablet
Finpecia Finasteride Tablet,100,Strip,1*15 Tablets / Strips,Finasteride,',Tablet,Finpesia tablet,Cipla,Hair Care & Growth,Dermatology & Hair,https://www.newlifeimpex.com/hair-care-hair-growth-medicines.html#finpecia-finasteride-tablet
Fipronil And S-methoprene Fixotic Advance Spot On,550,Box,4.02 ml / Bottle,Fipronil,Fipronil + Mithoprene,Other,FIXOTIC ADVANCE,Vetoquinol,Veterinary,Veterinary,https://www.newlifeimpex.com/veterinary-medicine.html#fipronil-and-s-methoprene-fixotic-advance-spot-on
Fipronil Fiprofort Spray,450,Bottle,100 ml,Fipronil,Fipronil,Spray or inhaler,Fiprofort,',Veterinary,Veterinary,https://www.newlifeimpex.com/veterinary-medicine.html#fipronil-fiprofort-spray
Flexabenz Plus Tablet,251,Strip,1*10 Tablets / Strips,Aceclofenac; Cyclobenzaprine,Aceclofenac 200mg + Cyclobenzaprine 15mg,Tablet,Flexabanz plus,Macleods,Antibiotics,Anti-Infectives,https://www.newlifeimpex.com/antibiotic-medicines.html#flexabenz-plus-tablet
Flexura 400 Mg Tablets,141,Box,10 TABLETS,Metaxalone,metaxalone · 400 mg,Tablet,Flexura 400,',Antibiotics,Anti-Infectives,https://www.newlifeimpex.com/antibiotic-medicines.html#flexura-400-mg-tablets
Fluconaz 150 mg tablet,60,Box,Box,Fluconazole,Fluconazole 150 mg · 150 mg,Tablet,',',Antibiotics,Anti-Infectives,https://www.newlifeimpex.com/antibiotic-medicines.html#fluconaz-150-mg-tablet
Fluconazole 100 Mg Tablet,85,Strip,1*10 Tablets / Strip,Fluconazole,Fluconazole · 100 mg,Tablet,',',Anti-Allergy,Allergy & Immunology,https://www.newlifeimpex.com/anti-allergy-medicines.html#fluconazole-100-mg-tablet
Fluconazole 150 Mg Tablet,165,Strip,1*10 Tablets / Box,Fluconazole,Fluconazole · 150 mg,Tablet,',Kachhela,Anti-Allergy,Allergy & Immunology,https://www.newlifeimpex.com/anti-allergy-medicines.html#fluconazole-150-mg-tablet
Fluconazole Eye Drop Zocon,80,Bottle,',Fluconazole,0.3%,Drops,ZOCON,',Eye Drops,Ophthalmology,https://www.newlifeimpex.com/eye-drops.html#fluconazole-eye-drop-zocon
Fluconzole Konaqueen 200 Mg Tablets,100,Strip,1*10 Tablets / Stripe,Fluconazole,200mg,Tablet,',',Anti-Allergy,Allergy & Immunology,https://www.newlifeimpex.com/anti-allergy-medicines.html#fluconzole-konaqueen-200-mg-tablets
Fludacel Fludarabine 50mg Injection,3400,Vial,Vial,',50 mg,Injection,Fludacel,Celon,Anti-Cancer,Oncology,https://www.newlifeimpex.com/anti-cancer-drugs.html#fludacel-fludarabine-50mg-injection
Flunil Fluoxetin Suspension,120,Box,',Fluoxetine,20 mg,Syrup or liquid,Flunil,Intas,Anti-Anxiety & Depression,Mental Health & Neurology,https://www.newlifeimpex.com/anti-anxiety-and-depression-medicine.html#flunil-fluoxetin-suspension
Fluoxetin Tritin 10 mg tablet,28,Strip,',Fluoxetine,10 mg,Tablet,Tritin 10 mf,Tripada,Anti-Anxiety & Depression,Mental Health & Neurology,https://www.newlifeimpex.com/anti-anxiety-and-depression-medicine.html#fluoxetin-tritin-10-mg-tablet
Fluoxymesterone Gonnapro FM 5 Mg Tablet,1000,Strip,5 strips in a box / Blister pack,',5 mg,Tablet,Gonnapro FM 5,',Testosterone & Steroids,Men's Health,https://www.newlifeimpex.com/testosterone-and-steroids.html#fluoxymesterone-gonnapro-fm-5-mg-tablet
Flupirtine Flupicare 100 mg cap,150,Strip,1x10 Capsules / Stripe,',100 mg,Capsule,Flupicare 100 mg,',Pain Killers,Pain & Musculoskeletal,https://www.newlifeimpex.com/pain-killer-medicines.html#flupirtine-flupicare-100-mg-cap
Fml Liquid Film Eye Drop,145,Bottle,5 ml / DROP,',',Drops,ALLERGAN INDIA,Allergan India Pvt Ltd,Eye Drops,Ophthalmology,https://www.newlifeimpex.com/eye-drops.html#fml-liquid-film-eye-drop
Foligain Hair Lotion,570,Bottle,100ml,',',"Cream, gel, lotion",',',Hair Care & Growth,Dermatology & Hair,https://www.newlifeimpex.com/hair-care-hair-growth-medicines.html#foligain-hair-lotion
Follicle Stimulating Hormone Gonal 22mcg Injection,8684,Vial,1 Vial Kit,Follitropin,Follitropin alfa,Injection,',Merck,Anti-Cancer,Oncology,https://www.newlifeimpex.com/anti-cancer-medicines.html#follicle-stimulating-hormone-gonal-22mcg-injection
Foracort 200 mg Inhaler,404,Piece,Single inhaler,Formoterol; Budesonide,Formoterol (6mcg) + Budesonide (200mcg),Spray or inhaler,',',COPD & Asthma,Respiratory,https://www.newlifeimpex.com/copd-asthma-inhalers-and-medicines.html#foracort-200-mg-inhaler
Forglyn Plus Inhaler,906,Piece,',',',Spray or inhaler,Zydus,',COPD & Asthma,Respiratory,https://www.newlifeimpex.com/copd-asthma-inhalers-and-medicines.html#forglyn-plus-inhaler
Fosfocin Fastamycin Powder,350,Piece,3 gm / Box,Fosfomycin; Fastamycin,Fastamycin · 3 g,Powder or sachet,Fosfocin,Cipla,Antivirals,Anti-Infectives,https://www.newlifeimpex.com/antiviral-drugs.html#fosfocin-fastamycin-powder
Fosfomycin Zidifos 4 gm Injection,900,Vial,Vial,Fosfomycin,4 gm,Injection,Zidifos 4 gm injection,',Antivirals,Anti-Infectives,https://www.newlifeimpex.com/antiviral-drugs.html#fosfomycin-zidifos-4-gm-injection
Fraxiparine 0.3 Nadroparin Injection,357,Vial,2 pens,',subkuten · 2850 IU,Injection,',',Generic & Uncategorized,Other,https://www.newlifeimpex.com/generic-products.html#fraxiparine-0-3-nadroparin-injection
Fucidin Fusidic Acid Cream,170,Tube,15 gm,Fusidic,Fusidic acid,"Cream, gel, lotion",Fucidin,',Skin Care,Dermatology & Hair,https://www.newlifeimpex.com/skin-care-medicine.html#fucidin-fusidic-acid-cream
GA 12 Glycolic acid cream,205,Piece,30 gm / Tube,',',"Cream, gel, lotion",Ga 12,',Skin Care,Dermatology & Hair,https://www.newlifeimpex.com/skin-care-products.html#ga-12-glycolic-acid-cream
Ga-6 Cream Glycolic Acid,180,Piece,30 gm / Tube,',',"Cream, gel, lotion",GA-6,',Skin Care,Dermatology & Hair,https://www.newlifeimpex.com/skin-care-products.html#ga-6-cream-glycolic-acid
Gabatop-100 Gabapentin Capsules,82,Strip,3 x 10 Capsules / Stripe,Gabapentin,Gabapentin · 100 mg,Capsule,',Healing Pharma,Pain Killers,Pain & Musculoskeletal,https://www.newlifeimpex.com/pain-killer-medicines.html#gabatop-100-gabapentin-capsules
Gatifaux gatifloxacin drop,77,Piece,5 ml,',0.3%,Drops,Gatifaux,',Eye Drops,Ophthalmology,https://www.newlifeimpex.com/eye-drops.html#gatifaux-gatifloxacin-drop
Gemcitabine Gemchem injection,850,Vial,Vial,',1000 mg,Injection,',Neon,Anti-Cancer,Oncology,https://www.newlifeimpex.com/anti-cancer-drugs.html#gemcitabine-gemchem-injection
Gemifloxacin 320 Mg Tablet,208,Box,Stripe,Gemifloxacin,Gemifloxacin (320mg) · 320 mg,Tablet,G-CIN TABLET,',Antibiotics,Anti-Infectives,https://www.newlifeimpex.com/antibiotic-medicines.html#gemifloxacin-320-mg-tablet
Genryzon somatrogon 24 mg injection,18500,Vial,Pen,Somatropin,12 I.U,Injection,',',Generic & Uncategorized,Other,https://www.newlifeimpex.com/generic-medicine.html#genryzon-somatrogon-24-mg-injection
Genryzon somatrogon 60 mg injection,46350,Vial,Pen,Somatropin,60 mg,Injection,',',Generic & Uncategorized,Other,https://www.newlifeimpex.com/generic-products.html#genryzon-somatrogon-60-mg-injection
Gentalab Gentamicin Chlorpheniramine Maleate Zinc Sulphate Eye Drop,50,Piece,10 ml / Box,Gentamicin,0.3 %,Drops,gentalab,',Eye Drops,Ophthalmology,https://www.newlifeimpex.com/eye-drops.html#gentalab-gentamicin-chlorpheniramine-maleate-zinc-sulphate-eye-drop
Gentalab Gentamicine Sulphate Injection 30 mL,37,Vial,20 ml,Gentamicin,40mg,Injection,Gentalab,Laborate Pharmaceuticals India Ltd.,Antibiotics,Anti-Infectives,https://www.newlifeimpex.com/antibiotic-medicines.html#gentalab-gentamicine-sulphate-injection-30-ml
Gentamycin Gentasign drop,50,Piece,10 ml,Gentamicin,0.3 %,Drops,Gentasign,Signature,Eye Drops,Ophthalmology,https://www.newlifeimpex.com/eye-drops.html#gentamycin-gentasign-drop
Glcopyrrolate Glycolate 1 Mg Tablets,120,Strip,10*10 Tablets / Strips,',1 mg,Tablet,',',Anti-Allergy,Allergy & Immunology,https://www.newlifeimpex.com/anti-allergy-medicines.html#glcopyrrolate-glycolate-1-mg-tablets
Gliclize-60 MR Gliclazide Modified Release Tablets,110,Strip,10 x 10 tab / Box,Gliclazide,60 mg,Tablet,Glicize,',Weight Loss & Anti-Diabetic,Metabolic & Endocrine,https://www.newlifeimpex.com/weight-loss-and-anti-diabetic-medicine.html#gliclize-60-mr-gliclazide-modified-release-tablets
Glimepiride Amaryl 2mg Tablet,185,Box,30 tablets,Glimepiride,Glimepiride · 2 mg,Tablet,Amaryl,',Generic & Uncategorized,Other,https://www.newlifeimpex.com/pharmaceutical-tablet.html#glimepiride-amaryl-2mg-tablet
Glimepiride Amaryl 3mg Tablet,543,Box,30 tablets,Glimepiride,Glimepiride · 3 mg,Tablet,Amaryl,',Generic & Uncategorized,Other,https://www.newlifeimpex.com/pharmaceutical-tablet.html#glimepiride-amaryl-3mg-tablet
Glutathione Jglut 600 Mg,1000,Box,',Glutathione,GLUTATHIONE · 600 mg,Injection,JGLUT,Jm Lifescience,Skin Care,Dermatology & Hair,https://www.newlifeimpex.com/skin-care-medicine.html#glutathione-jglut-600-mg
Glyco 12 Glycolic Acid 12 Cream,352,Piece,30 gm / Tube,',',"Cream, gel, lotion",Glyco-12,',Skin Care,Dermatology & Hair,https://www.newlifeimpex.com/skin-care-products.html#glyco-12-glycolic-acid-12-cream
Glycolic Acid GA 12 cream,205,Piece,30 gm / Tube,',',"Cream, gel, lotion",GA-12 cream,',Skin Care,Dermatology & Hair,https://www.newlifeimpex.com/skin-care-products.html#glycolic-acid-ga-12-cream
Gramogyl Metronidazole Benzoate Oral Susp. 60ml,34,Bottle,60 ml / Bottle,Metronidazole,125mg/5ml,Syrup or liquid,Gramogyl,',Antibiotics,Anti-Infectives,https://www.newlifeimpex.com/antibiotic-medicines.html#gramogyl-metronidazole-benzoate-oral-susp-60ml
Healsenz 30 Gm Ointment,240,Tube,30 gm / Tube,',',"Cream, gel, lotion",Healsenz,',Anti-Anxiety & Depression,Mental Health & Neurology,https://www.newlifeimpex.com/anti-anxiety-and-depression-medicine.html#healsenz-30-gm-ointment
Healtroxin-150 Thyroxine Sodium Tablets,194,Bottle,120 Tablets / Bottle,Thyroxine,150 mcg,Tablet,Healtroxin,',Thyroid,Metabolic & Endocrine,https://www.newlifeimpex.com/thyroid-medicine.html#healtroxin-150-thyroxine-sodium-tablets
Hepamarz L-Ornithine L-Asparate Injection,1930,Box,10 ml / Ampoule,',',Injection,',',Generic & Uncategorized,Other,https://www.newlifeimpex.com/generic-medicine.html#hepamarz-l-ornithine-l-asparate-injection
Hepbest Tenofovir Alafenamide 25 Mg Tablets,1300,Bottle,bottle of 30 tablets / Bottle,Tenofovir,25 mg,Tablet,Hepbest,',Anti-HIV,Anti-Infectives,https://www.newlifeimpex.com/anti-hiv-medicine.html#hepbest-tenofovir-alafenamide-25-mg-tablets
Hepcvir L 90mg 400mg Tablet,1000,Bottle,Bottle of 28 tablet / Bottle,Sofosbuvir,Sofosbuvir 400 · 400/100,Tablet,Hepcvir,Cipla,Antivirals,Anti-Infectives,https://www.newlifeimpex.com/antiviral-drugs.html#hepcvir-l-90mg-400mg-tablet
Hetriva Rivastigmine 9mg Patches,70,Piece,10 Patches / Box,Rivastigmine,Rivastigmine,Other,',',Neurological & Psychiatric,Mental Health & Neurology,https://www.newlifeimpex.com/parkinsons-disease-schizophrenia-medicine.html#hetriva-rivastigmine-9mg-patches
Himalaya Neem Tablets,240,Bottle,60 Tablets / Bottle,',',Tablet,Himalaya,',Skin Care,Dermatology & Hair,https://www.newlifeimpex.com/skin-care-products.html#himalaya-neem-tablets
Himclolin gel 30 gm,295,Tube,30g / Bottle,',Ayurevedic,"Cream, gel, lotion",',',Ayurvedic & Herbal,Other,https://www.newlifeimpex.com/ayurvedic-medicines.html#himclolin-gel-30-gm
Hinex 1500 IU injection,157,Piece,1 ml,',1500IU,Injection,Hinex,',Generic & Uncategorized,Other,https://www.newlifeimpex.com/generic-products.html#hinex-1500-iu-injection
Hirepa Repaglinide 0.5 Mg Tablets,100,Strip,Stripe,Repaglinide,0.5 mg,Tablet,Hirepa,Healing pharma,Pain Killers,Pain & Musculoskeletal,https://www.newlifeimpex.com/pain-killer-medicines.html#hirepa-repaglinide-0-5-mg-tablets
HRIDYABLISS ayurvedic tablets,1500,Piece,60 Capsules / Bottle,',',Tablet,HRIDYABLISS,Bliss,Ayurvedic & Herbal,Other,https://www.newlifeimpex.com/ayurvedic-medicines.html#hridyabliss-ayurvedic-tablets
Hucog 5000 IU Injection,350,Vial,Singal vial in a box,',5000iu,Injection,Hucog,Bharat serum,Infertility & Women’s Health,Women's Health,https://www.newlifeimpex.com/infertility-medicine-and-womens-health.html#hucog-5000-iu-injection
Hucog HCG 2000 Injection,498,Vial,Box,Gonadotropin,2000iu,Injection,Hucog 2000,',Infertility & Women’s Health,Women's Health,https://www.newlifeimpex.com/infertility-medicine-and-womens-health.html#hucog-hcg-2000-injection
Human Chorionic Gonadotropin Eutrig Hp 10000,720,Vial,Vial,Chorionic; Gonadotropin,10000iu,Injection,EUTRIG 10000 IU,Samarth,Infertility & Women’s Health,Women's Health,https://www.newlifeimpex.com/infertility-medicine-and-womens-health.html#human-chorionic-gonadotropin-eutrig-hp-10000
Human Chorionic Gonadotropin Eutrig Hp 5000,250,Piece,Vial,Chorionic; Gonadotropin,5000iu,Injection,EUTRIG 5000 IU,Samarth,Infertility & Women’s Health,Women's Health,https://www.newlifeimpex.com/infertility-medicine-and-womens-health.html#human-chorionic-gonadotropin-eutrig-hp-5000
Human Chorionic Gonadotropin Ovigil 1000 iu Injection,600,Piece,Vial with Solvent,Chorionic; Gonadotropin,1000 Iu,Injection,Ovigil,',Antibiotics,Anti-Infectives,https://www.newlifeimpex.com/antibiotic-medicines.html#human-chorionic-gonadotropin-ovigil-1000-iu-injection
Human Chorionic Gonadotropin Ovigil 10000 iu Injection,640,Piece,Vial with Solvent,Chorionic; Gonadotropin,10000 IU,Injection,Ovigil,',Anti-Cancer,Oncology,https://www.newlifeimpex.com/anti-cancer-medicines.html#human-chorionic-gonadotropin-ovigil-10000-iu-injection
Human Chorionic Gonadotropin Ovigil 1500 iu Injection,540,Piece,Vial with Solvent,Chorionic; Gonadotropin,1500 Iu,Injection,Ovigil,',Generic & Uncategorized,Other,https://www.newlifeimpex.com/new-products.html#human-chorionic-gonadotropin-ovigil-1500-iu-injection
Human Chorionic Gonadotropin Ovigil 2000 iu Injection,350,Piece,Vial with Solvent,Chorionic; Gonadotropin,2000 IU,Injection,Ovigil,',Antibiotics,Anti-Infectives,https://www.newlifeimpex.com/antibiotic-medicines.html#human-chorionic-gonadotropin-ovigil-2000-iu-injection
Human Chorionic Gonadotropin Ovigil 5000 iu Injection,450,Piece,Vial with Solvent,Chorionic; Gonadotropin,5000 IU,Injection,Ovigil,',Infertility & Women’s Health,Women's Health,https://www.newlifeimpex.com/infertility-medicine-and-womens-health.html#human-chorionic-gonadotropin-ovigil-5000-iu-injection
Hydrochlorothiazide 25mg Tablet,20,Strip,10,Hydrochlorothiazide,Hydrochlorothiazide Tablets,Tablet,Aquazide,Sun Pharmaceutical Industries Ltd,"Heart, Cholesterol & Hypertension",Cardiovascular,https://www.newlifeimpex.com/heart-health-cholesterol-hypertension-medicine.html#hydrochlorothiazide-25mg-tablet
Hydrochlorothiazide Tablets,60,Strip,1 x 10 / Strips,Hydrochlorothiazide,',Tablet,hctzide 25,Healing Pharma,"Heart, Cholesterol & Hypertension",Cardiovascular,https://www.newlifeimpex.com/heart-health-cholesterol-hypertension-medicine.html#hydrochlorothiazide-tablets
Hydrocortisone Cadcort-100 injection,47,Vial,2 ml / Vial,Hydrocortisone,100mg,Injection,Cadcort injection,Cadila,Anti-Allergy,Allergy & Immunology,https://www.newlifeimpex.com/anti-allergy-medicines.html#hydrocortisone-cadcort-100-injection
Hydrothiazide Hctzide 12.5 tablet,21,Strip,Blister / Box,',',Tablet,Hctzide 12.5 mg,Healing,"Heart, Cholesterol & Hypertension",Cardiovascular,https://www.newlifeimpex.com/heart-health-cholesterol-hypertension-medicine.html#hydrothiazide-hctzide-12-5-tablet
hydroxyzine Atarise 25 Tablets,85,Strip,20x15 Tablets / Stripe,Hydroxyzine,25 mg,Tablet,Atarise 25 mg,',Anti-Allergy,Allergy & Immunology,https://www.newlifeimpex.com/anti-allergy-medicines.html#hydroxyzine-atarise-25-tablets
Imeglimin Tablets 1000 mg,100,Box,',',',Tablet,Imeglinom,',Weight Loss & Anti-Diabetic,Metabolic & Endocrine,https://www.newlifeimpex.com/weight-loss-and-anti-diabetic-medicine.html#imeglimin-tablets-1000-mg
Imijet Imidodocarbodipronate 10 ml injection,210,Vial,10 ml / Vial,',120 mg,Injection,Imejet,',Generic & Uncategorized,Other,https://www.newlifeimpex.com/generic-medicine.html#imijet-imidodocarbodipronate-10-ml-injection
Indapamide 1.5 mg SR Tablet Indepin,86,Strip,1 x 10 / Strip,Indapamide,Indapamide 1.5 mg SR Tablet · 1.5 mg,Tablet,',',"Heart, Cholesterol & Hypertension",Cardiovascular,https://www.newlifeimpex.com/heart-health-cholesterol-hypertension-medicine.html#indapamide-1-5-mg-sr-tablet-indepin
Indocap SR Capsules,120,Strip,10 x (3x10) / Strips,',75 mg,Capsule,',',Pain Killers,Pain & Musculoskeletal,https://www.newlifeimpex.com/pain-killer-medicines.html#indocap-sr-capsules
Instgra 50 Mg Tablets,2500,Bottle,30 tablet in a bottle / Bottle,',50 mg,Tablet,Dolutegravir,',Anti-HIV,Anti-Infectives,https://www.newlifeimpex.com/anti-hiv-medicine.html#instgra-50-mg-tablets
Insulin Aspart 100IU/ml Fiasp FlexTouch Pen,1006,Piece,',Insulin,100 IU/ml,Injection,Fiasp,',Weight Loss & Anti-Diabetic,Metabolic & Endocrine,https://www.newlifeimpex.com/antidiabetic-medicine.html#insulin-aspart-100iu-ml-fiasp-flextouch-pen
Insulin Lispro Humalog 100 iu Injection,1197,Piece,3 ml,Insulin,Insulin Lispro · 100 units/ml,Injection,',',Generic & Uncategorized,Other,https://www.newlifeimpex.com/pharmaceutical-tablet.html#insulin-lispro-humalog-100-iu-injection
Insulin Lispro Lyumjev (100units) injection,945,Piece,3 ml / Box,Insulin,100U/ml,Injection,Lymjev cartrage,Lilly,Weight Loss & Anti-Diabetic,Metabolic & Endocrine,https://www.newlifeimpex.com/weight-loss-and-anti-diabetic-medicine.html#insulin-lispro-lyumjev-100units-injection
Intimacy plus 2 tablets,170,Strip,21 Tablets,',75 mcg,Tablet,Intimacy plus 2,',Infertility & Women’s Health,Women's Health,https://www.newlifeimpex.com/infertility-medicine-and-womens-health.html#intimacy-plus-2-tablets
Invemox Amoxicilline Injection 100 ml,1155,Piece,100 ml / Bottle,Amoxicillin,1000 mg,Injection,Vetmate,',Veterinary,Veterinary,https://www.newlifeimpex.com/veterinary-medicine.html#invemox-amoxicilline-injection-100-ml
Ipravent 20mcg Ipratropium Bromide Respirator Solution Inhaler,151,Bottle,15 ml / Box,Ipratropium,20 mcg,Spray or inhaler,Ipravent,Cipla,COPD & Asthma,Respiratory,https://www.newlifeimpex.com/copd-asthma-inhalers-and-medicines.html#ipravent-20mcg-ipratropium-bromide-respirator-solution-inhaler
Ipravent Ipratropium Respirator Solution,55,Bottle,15 ml / Box,Ipratropium,250 mcg,Syrup or liquid,Ipravent solution,Cipla,COPD & Asthma,Respiratory,https://www.newlifeimpex.com/copd-asthma-inhalers-and-medicines.html#ipravent-ipratropium-respirator-solution
Ipraz Ivermectin and Prziquentel Tablet,110,Strip,',Ivermectin; Praziquantel,IVERMECTIN AND PRAZIQUANTEL,Tablet,Ipraz,Virbac,Veterinary,Veterinary,https://www.newlifeimpex.com/veterinary-medicine.html#ipraz-ivermectin-and-prziquentel-tablet
Iron Sucrose Sucrocan Injection,200,Pack,5 ml / Box,',100 mg,Injection,Sucrocan,American Express,Anemia,Hematology,https://www.newlifeimpex.com/anemia-medicine.html#iron-sucrose-sucrocan-injection
Isavuconazole Capsule 100mg Zisavel,6720,Box,1 X 7 / Stripe,Isavuconazole,Isavuconazole · 100 mg,Capsule,ZISAVEL,Bdr,Antivirals,Anti-Infectives,https://www.newlifeimpex.com/antiviral-drugs.html#isavuconazole-capsule-100mg-zisavel
Isotretinoin Isofair 20 mg capsules,85,Strip,1*10 Capsules / Strips,Isotretinoin,20 mg,Capsule,',',Skin Care,Dermatology & Hair,https://www.newlifeimpex.com/skin-care-products.html#isotretinoin-isofair-20-mg-capsules
Isotretinoin Tretiva 20 Mg Tablets,230,Strip,10 CAPSULE / Strips,Isotretinoin,10 gm,Tablet,TRETIVA,Intas,Skin Care,Dermatology & Hair,https://www.newlifeimpex.com/skin-care-medicine.html#isotretinoin-tretiva-20-mg-tablets
Isotroin Isotretinoin 10mg Capsules,346,Strip,10*15 Capsules / Strips,Isotretinoin,10 gm,Capsule,Isotroin 10 mg,',Skin Care,Dermatology & Hair,https://www.newlifeimpex.com/skin-care-products.html#isotroin-isotretinoin-10mg-capsules
Itraconazole Vetconazole Syrup,300,Piece,Bottle,Itraconazole,20 mg,Syrup or liquid,Vetconazole,',Veterinary,Veterinary,https://www.newlifeimpex.com/veterinary-medicines.html#itraconazole-vetconazole-syrup
Itrashoot Itraconazole 100mg capsules,100,Strip,10*10 Capsules / Stripe,Itraconazole,100 mg,Capsule,',',Anti-Allergy,Allergy & Immunology,https://www.newlifeimpex.com/anti-allergy-medicines.html#itrashoot-itraconazole-100mg-capsules
Iveremctin Covilife 40 mg tablets,250,Strip,100 tablets in box / Strip,Ivermectin,Ivermectin · 40 mg,Tablet,Covilife,',Antiparasitic & Antimalarial,Anti-Infectives,https://www.newlifeimpex.com/anti-parasitic-and-anti-malarial-medicines.html#iveremctin-covilife-40-mg-tablets
Ivergurd ivermectin 15 mg tablets,100,Strip,1*10 Tablets / Strip,Ivermectin,15 mg,Tablet,Ivergurd 15 mg,',Antiparasitic & Antimalarial,Anti-Infectives,https://www.newlifeimpex.com/anti-parasitic-and-anti-malarial-medicines.html#ivergurd-ivermectin-15-mg-tablets
Iverheal 6mg tablet,150,Strip,10*10 Box (100 Tablets) / Strip,Ivermectin,IVERMECTIN · 6mg,Tablet,HEALING PHARMA,',Antiparasitic & Antimalarial,Anti-Infectives,https://www.newlifeimpex.com/anti-parasitic-and-anti-malarial-medicines.html#iverheal-6mg-tablet
Iverheal Ivermectin Tablets,300,Box,10*10 Box (100 Tablets) / Box,Ivermectin,12mg,Tablet,Iverheal,Healing Pharma,Antiparasitic & Antimalarial,Anti-Infectives,https://www.newlifeimpex.com/anti-parasitic-and-anti-malarial-medicines.html#iverheal-ivermectin-tablets
Ivermectin 24mg Covilife Tablets,100,Strip,Strip,Ivermectin,Ivermectin · 24,Tablet,Covilife 24,',Antiparasitic & Antimalarial,Anti-Infectives,https://www.newlifeimpex.com/anti-parasitic-and-anti-malarial-medicines.html#ivermectin-24mg-covilife-tablets
Ivermectin cdmec 1% injection,700,Vial,100 ml / Glass Bottle,Ivermectin,',Injection,CDmec,',Veterinary,Veterinary,https://www.newlifeimpex.com/veterinary-medicine.html#ivermectin-cdmec-1-injection
Ivermectin Injection 1%,560,Vial,100 ml / Glass Bottle,Ivermectin,Ivermectin · 1%,Injection,Neomec,',Veterinary,Veterinary,https://www.newlifeimpex.com/veterinary-medicine.html#ivermectin-injection-1
Ivermectin Ivecop 12 Mg Tablet,31,Strip,Singal tablets in a strip / Strip,Ivermectin,Ivermectine · 12mg,Tablet,Ivecop 12,',Antiparasitic & Antimalarial,Anti-Infectives,https://www.newlifeimpex.com/anti-parasitic-and-anti-malarial-medicines.html#ivermectin-ivecop-12-mg-tablet
Ivermectin Iverguard 12 mg tablet,100,Strip,1*10 Tablets / Strip,Ivermectin,Ivermectin · 12mg,Tablet,Ivergurd 12 mg,',Antiparasitic & Antimalarial,Anti-Infectives,https://www.newlifeimpex.com/anti-parasitic-and-anti-malarial-medicines.html#ivermectin-iverguard-12-mg-tablet
ivermectin iversun 12 mg tablet,100,Strip,1*10 Tablets / Strip,Ivermectin,Ivermectin · 12mg,Tablet,Iversun 12 mg,',Antiparasitic & Antimalarial,Anti-Infectives,https://www.newlifeimpex.com/anti-parasitic-and-anti-malarial-medicines.html#ivermectin-iversun-12-mg-tablet
Ivermectin Iversun 6mg Tablets,70,Strip,1*10 Tablets / Strip,Ivermectin,IVERMECTIN · 6mg,Tablet,IVERSUN 6 MG,',Antibiotics,Anti-Infectives,https://www.newlifeimpex.com/antibiotic-medicines.html#ivermectin-iversun-6mg-tablets
Ivermectin Spimect 6mg tablet,80,Strip,Strip,Ivermectin,6mg,Tablet,spimect 6 mg,',Antiparasitic & Antimalarial,Anti-Infectives,https://www.newlifeimpex.com/anti-parasitic-and-anti-malarial-medicines.html#ivermectin-spimect-6mg-tablet
Ivermectol Ivermectin 12 Mg Tablet,85,Strip,1*2 / Strip,Ivermectin,12mg,Tablet,Ivermectol,',Antiparasitic & Antimalarial,Anti-Infectives,https://www.newlifeimpex.com/anti-parasitic-and-anti-malarial-medicines.html#ivermectol-ivermectin-12-mg-tablet
Ivermectol Ivermectin 12mg Tablets,120,Strip,Blister,Ivermectin,12mg,Tablet,Ivermectol,',Antiparasitic & Antimalarial,Anti-Infectives,https://www.newlifeimpex.com/anti-parasitic-and-anti-malarial-medicines.html#ivermectol-ivermectin-12mg-tablets
Iverquest Star 12 DT Ivermectine Dispersible Tablets,80,Strip,1*3tab / Strip,Ivermectin,12mg,Tablet,',',Antiparasitic & Antimalarial,Anti-Infectives,https://www.newlifeimpex.com/anti-parasitic-and-anti-malarial-medicines.html#iverquest-star-12-dt-ivermectine-dispersible-tablets
IVG HCG 5000 IU,400,Vial,Singal vial in box,Gonadotropin,5000iu,Injection,IVG PLUS,Neova,Infertility & Women’s Health,Women's Health,https://www.newlifeimpex.com/infertility-medicine-and-womens-health.html#ivg-hcg-5000-iu
Ivoral forte Ivermectin and albendazole tablets,54,Strip,20 x 5 / Strip,Ivermectin; Albendazole,400 mg + 12 mg,Tablet,Ivoral forte,Zydus Cadila,Anti-Allergy,Allergy & Immunology,https://www.newlifeimpex.com/anti-allergy-medicines.html#ivoral-forte-ivermectin-and-albendazole-tablets
Kamagra Oral Jelly,385,Pack,Box,',100 mg,Tablet,Kamagra,',Men's Health & Erectile Dysfunction,Men's Health,https://www.newlifeimpex.com/erectile-dysfunction-medicine.html#kamagra-oral-jelly
Kaymedrol 4 mg Tablets,53,Box,1* 10 Tablets / Strips,Methylprednisolone,Methylprednisolone · 4 mg,Tablet,Kaymedrol,',Anti-Allergy,Allergy & Immunology,https://www.newlifeimpex.com/anti-allergy-medicines.html#kaymedrol-4-mg-tablets
Ketanov Ketorolac Tromethamine 10 MG Tablet,100,Strip,10 tablets / Strip,',10mg,Tablet,Ketanov,Sun Pharmaceutical Ind. Ltd,Pain Killers,Pain & Musculoskeletal,https://www.newlifeimpex.com/pain-killer-medicines.html#ketanov-ketorolac-tromethamine-10-mg-tablet
Ketoluxe Ketoconazole lotion,260,Piece,100 ml bottle,Ketoconazole,2% w/w,"Cream, gel, lotion",Ketoluxe,',Hair Care & Growth,Dermatology & Hair,https://www.newlifeimpex.com/hair-care-hair-growth-medicines.html#ketoluxe-ketoconazole-lotion
Ketotifen Fumarate Ketolog Tablet,1000,Box,10*10 Tablets / Blister pack,Ketotifen,',Tablet,',Icon,COPD & Asthma,Respiratory,https://www.newlifeimpex.com/copd-asthma-inhalers-and-medicines.html#ketotifen-fumarate-ketolog-tablet
Ketotiphen Ketasma Tablet,105,Box,strip of 10 tablets / Blister pack,Ketotifen,ketotifen 1 mg · 2 mg,Tablet,Ketasma,',Anti-Allergy,Allergy & Immunology,https://www.newlifeimpex.com/anti-allergy-medicines.html#ketotiphen-ketasma-tablet
Kiwof Cat Tablet,475,Strip,1 X 10 Tablet / Box,',',Tablet,Kiwof,',Veterinary,Veterinary,https://www.newlifeimpex.com/veterinary-medicine.html#kiwof-cat-tablet
Kiwof Plus Xl Tablet,1200,Piece,1*10,',',Tablet,KIWOF PLUS XL,Savavet,Veterinary,Veterinary,https://www.newlifeimpex.com/veterinary-medicine.html#kiwof-plus-xl-tablet
Komec Oral Paste,350,Piece,6.08 gm,',',"Cream, gel, lotion",Komec oral paste,',Veterinary,Veterinary,https://www.newlifeimpex.com/veterinary-medicines.html#komec-oral-paste
Krrista Blue P,200,Strip,1*10 Tablets / Strips,',110/110,Other,',',Men's Health & Erectile Dysfunction,Men's Health,https://www.newlifeimpex.com/erectile-dysfunction-medicine.html#krrista-blue-p
Kuffdryl-d Diphenhyramine Capsules,40,Strip,10*10 Capsules / Box,Diphenhydramine,25 mg,Capsule,Kuffdry D capsules,Intas,Anti-Allergy,Allergy & Immunology,https://www.newlifeimpex.com/anti-allergy-medicines.html#kuffdryl-d-diphenhyramine-capsules
L Asparaginase 10 000iu Injection L-ASAP,1500,Vial,Vial,',10000 IU,Injection,',',Anti-Cancer,Oncology,https://www.newlifeimpex.com/anti-cancer-medicines.html#l-asparaginase-10-000iu-injection-l-asap
L Asparaginase 10000iu Celginase Injection,1500,Vial,Vial,',10000 KU,Injection,Celginase,Celon,Anti-Cancer,Oncology,https://www.newlifeimpex.com/anti-cancer-medicines.html#l-asparaginase-10000iu-celginase-injection
L Ornithine L Aspartate L Ornican Infusion,458,Box,10 ml Vial,',5 g/10 ml,Injection,Hepamerz,',Generic & Uncategorized,Other,https://www.newlifeimpex.com/generic-medicine.html#l-ornithine-l-aspartate-l-ornican-infusion
Labebet 100mg Tablet,171,Box,1*10 Tablets / Strip,Labetalol,"LABETALOL · 100 MG, 100 mg",Tablet,LABEBET,Sun Pharma,"Heart, Cholesterol & Hypertension",Cardiovascular,https://www.newlifeimpex.com/heart-health-cholesterol-hypertension-medicine.html#labebet-100mg-tablet
Labetalol 200mg Tablet,100,Box,1*10 Tablets / Strip,Labetalol,200 mg,Tablet,LIBETOR,',"Heart, Cholesterol & Hypertension",Cardiovascular,https://www.newlifeimpex.com/heart-health-cholesterol-hypertension-medicine.html#labetalol-200mg-tablet
Labocort Hydrocortisone 100 mg injection,50,Vial,5ml / Vial,Hydrocortisone,100mg,Injection,Labocort,',Anti-Allergy,Allergy & Immunology,https://www.newlifeimpex.com/anti-allergy-medicines.html#labocort-hydrocortisone-100-mg-injection
Leemedro Medroxyprogestron 10 Mg Tablets,67,Strip,Box,',10mg,Tablet,',',Infertility & Women’s Health,Women's Health,https://www.newlifeimpex.com/infertility-medicine-and-womens-health.html#leemedro-medroxyprogestron-10-mg-tablets
Lefuheal Leflunomide (20mg) tablets,240,Strip,1*10 Tablets / Strips,',Leflunomide 20mg · 20 mg,Tablet,',',Pain Killers,Pain & Musculoskeletal,https://www.newlifeimpex.com/pain-killer-medicines.html#lefuheal-leflunomide-20mg-tablets
Lethyrox Tablet Thyroxine 50mcg,50,Bottle,100 Tablets / Bottle,Thyroxine,50 mcg,Tablet,Lethyrox,',Thyroid,Metabolic & Endocrine,https://www.newlifeimpex.com/thyroid-medicine.html#lethyrox-tablet-thyroxine-50mcg
Leucovorin Calcium Leevarin 15mg Tablet,499,Strip,10 tablets,',Leucovorin Calcium · 15 mg,Tablet,Leucovorin,Admac Oncology,Generic & Uncategorized,Other,https://www.newlifeimpex.com/pharmaceutical-tablet.html#leucovorin-calcium-leevarin-15mg-tablet
Levofloxacin Levoflox 500 Mg Tablets,50,Strip,1x10 / Strip,Levofloxacin,500 mg,Tablet,Levoflox 500,Cipla,Antibiotics,Anti-Infectives,https://www.newlifeimpex.com/antibiotic-medicines.html#levofloxacin-levoflox-500-mg-tablets
Lexaheal-10 Escitalopram Tablets,95,Strip,',Escitalopram,10 mg,Tablet,Lexaheal,Healing Pharma,Anti-Anxiety & Depression,Mental Health & Neurology,https://www.newlifeimpex.com/anti-anxiety-and-depression-medicine.html#lexaheal-10-escitalopram-tablets
Lidocain cclimax spray,199,Bottle,30ml / Bottle,',10%,Spray or inhaler,Climax spray,Midascare,Men's Health & Erectile Dysfunction,Men's Health,https://www.newlifeimpex.com/mens-health-erectile-dysfunction-drugs.html#lidocain-cclimax-spray
Lignocad Lignocaine Gel,45,Tube,30gm / Tube,',2%,"Cream, gel, lotion",Lignocad,Zydus cadila,Pain Killers,Pain & Musculoskeletal,https://www.newlifeimpex.com/pain-killer-medicines.html#lignocad-lignocaine-gel
Lignocain Vigora lido spray,130,Piece,15 gm / Bottle,',',Spray or inhaler,Vigore lido spray,',Men's Health & Erectile Dysfunction,Men's Health,https://www.newlifeimpex.com/mens-health-erectile-dysfunction-drugs.html#lignocain-vigora-lido-spray
Lignocain Xylocain 2% injection,35,Vial,30ml / Vial,',2% w/v,Injection,Xylocaine,Zydus cadila,Pain Killers,Pain & Musculoskeletal,https://www.newlifeimpex.com/pain-killer-medicines.html#lignocain-xylocain-2-injection
Linacip Linagliptin 5 mg tablets,148,Strip,',Linagliptin,Linagliptin · 5 mg,Tablet,',',Generic & Uncategorized,Other,https://www.newlifeimpex.com/generic-medicine.html#linacip-linagliptin-5-mg-tablets
Liothyronine Sodium Liothree 25 mcg Tablet,430,Bottle,10 tablets / Strip,Liothyronine,25 mcg,Tablet,Liothree,',Generic & Uncategorized,Other,https://www.newlifeimpex.com/pharmaceutical-tablet.html#liothyronine-sodium-liothree-25-mcg-tablet
Lisybin Large Tablet,850,Strip,10 Tablets / Box,',',Tablet,Lisybin Large,',Veterinary,Veterinary,https://www.newlifeimpex.com/veterinary-medicine.html#lisybin-large-tablet
Lisybin Medium Tablet,560,Piece,10 Tablet / Box,',',Tablet,Lisybin Medium,',Veterinary,Veterinary,https://www.newlifeimpex.com/veterinary-medicine.html#lisybin-medium-tablet
Lisybin Small Tablets,250,Strip,1*10 Tablets / Strip,',',Tablet,LISYBIN TABLET,Sava Vet,Veterinary,Veterinary,https://www.newlifeimpex.com/veterinary-medicine.html#lisybin-small-tablets
Liv. 52 Liver Tablets,215,Bottle,100 Tablets / Bottle,',Ayurveda,Tablet,Himalaya,',Generic & Uncategorized,Other,https://www.newlifeimpex.com/generic-products.html#liv-52-liver-tablets
Lodonak BP Naltroxe and buprobion tablets,400,Strip,1*10 Tablets / Strips,Bupropion; Naltrexone,Naltroxone and buprobion · 8/90 mg,Tablet,',',Weight Loss & Anti-Diabetic,Metabolic & Endocrine,https://www.newlifeimpex.com/weight-loss-and-anti-diabetic-medicine.html#lodonak-bp-naltroxe-and-buprobion-tablets
Lokivetmab Cytopoint 10 Mg Injection,3500,Box,2 vial in a box / Box,',',Injection,',',Veterinary,Veterinary,https://www.newlifeimpex.com/veterinary-medicine.html#lokivetmab-cytopoint-10-mg-injection
Lonitab 2.5 mg Minoxidil Tablet,195,Strip,10*10 Tablets / 1X10 TAB,Minoxidil,5 mg,Tablet,INTAS,',Hair Care & Growth,Dermatology & Hair,https://www.newlifeimpex.com/hair-care-hair-growth-medicines.html#lonitab-2-5-mg-minoxidil-tablet
Lonitab Minoxidil 10 mg tablets,694,Strip,10*10 Tablets / Strip,Minoxidil,10 mg,Tablet,Lonitab 10 mg,',Hair Care & Growth,Dermatology & Hair,https://www.newlifeimpex.com/hair-care-hair-growth-medicines.html#lonitab-minoxidil-10-mg-tablets
Lopid 300 Mg Capsule,200,Box,10 strip of 10 capsules,',Gemfibrozil,Tablet,Lopid,Pfizer,Generic & Uncategorized,Other,https://www.newlifeimpex.com/generic-medicine.html#lopid-300-mg-capsule
Losartan Losar 50 mg Tablet,178,Strip,1 x 10 tablets / Strips,Losartan,Losartan Potassium · 50 mg,Tablet,Losar,Healing Pharma,Anti-HIV,Anti-Infectives,https://www.newlifeimpex.com/anti-hiv-medicine.html#losartan-losar-50-mg-tablet
Loteprednol Loteway drop,100,Piece,5 ml / Bottle,',Loteprednol · 0.5% w/v,Drops,Loteway drop,Care formolations,Eye Drops,Ophthalmology,https://www.newlifeimpex.com/eye-drops.html#loteprednol-loteway-drop
Low Dose Naltrexone 1.5 MG Tablets,96,Strip,Strips,Naltrexone,Low dose naltrexone · 1.5 mg,Tablet,LDN,',De-Addiction,Mental Health & Neurology,https://www.newlifeimpex.com/de-addiction-medicine.html#low-dose-naltrexone-1-5-mg-tablets
Low Dose Naltrexone 3 MG Tablets,120,Strip,1*10 Tablets / Strips,Naltrexone,3 mg,Tablet,',',De-Addiction,Mental Health & Neurology,https://www.newlifeimpex.com/de-addiction-medicine.html#low-dose-naltrexone-3-mg-tablets
Low Dose Naltrexone LDN 4.5 MG Tablets,160,Strip,1*30 Tablets / Strips,Naltrexone,4.5 MG,Tablet,',',De-Addiction,Mental Health & Neurology,https://www.newlifeimpex.com/de-addiction-medicine.html#low-dose-naltrexone-ldn-4-5-mg-tablets
Low Dose Naltrexone Tablets 4.5 Mg,160,Strip,1*10 Tablets / Strips,Naltrexone,4.5 mg,Tablet,',',De-Addiction,Mental Health & Neurology,https://www.newlifeimpex.com/de-addiction-medicine.html#low-dose-naltrexone-tablets-4-5-mg
Lubrihans Pet Tablets,300,Strip,1 x 10 / STRIPE,',',Tablet,',Savavet,Veterinary,Veterinary,https://www.newlifeimpex.com/veterinary-medicine.html#lubrihans-pet-tablets
LUPI HCG 10000 Injection,1208,Piece,1 injection in 1 vial / Vial,Gonadotropin,10000iu,Injection,',Lupin,Infertility & Women’s Health,Women's Health,https://www.newlifeimpex.com/infertility-medicine-and-womens-health.html#lupi-hcg-10000-injection
Lupi HCG 2000 IU Iinjection,210,Vial,single vial,Gonadotropin,2000iu,Injection,Lupi HCG 2000 IU,Lupin,Infertility & Women’s Health,Women's Health,https://www.newlifeimpex.com/infertility-medicine-and-womens-health.html#lupi-hcg-2000-iu-iinjection
Lupride Depot Leuprolide 3.75mg Injection,1800,Vial,PFS,Leuprolide,3.75 mg,Injection,Lupiride,Sun pharma,Anti-Cancer,Oncology,https://www.newlifeimpex.com/anti-cancer-drugs.html#lupride-depot-leuprolide-3-75mg-injection
Maraviroc Axentri 150mg Tablet,11000,Bottle,Bottle,Maraviroc,150 mg,Tablet,Axentri,Natco,Anti-HIV,Anti-Infectives,https://www.newlifeimpex.com/anti-hiv-medicine.html#maraviroc-axentri-150mg-tablet
Marbofloxacin Tablets 150 MG Marbomet,500,Strip,10 tablets / Strip,',50 mg,Tablet,Marbomet,Intas,Veterinary,Veterinary,https://www.newlifeimpex.com/veterinary-medicine.html#marbofloxacin-tablets-150-mg-marbomet
Maropitant Citrate Vet maro 24 mg Tablet,300,Piece,Strip,',',Tablet,Other Brand,',Veterinary,Veterinary,https://www.newlifeimpex.com/veterinary-medicine.html#maropitant-citrate-vet-maro-24-mg-tablet
maropitant Vetmaro 24 tablets,280,Piece,Blister,',',Tablet,Other Brand,',Veterinary,Veterinary,https://www.newlifeimpex.com/veterinary-medicines.html#maropitant-vetmaro-24-tablets
Mcstar 50/200/25 Tablets,3200,Bottle,1x30Tablets / Box,Tenofovir,Tenofovir Disoproxil Fumarate · 300 mg,Tablet,Tenvir,Mecnil and argus,Anti-HIV,Anti-Infectives,https://www.newlifeimpex.com/anti-hiv-medicine.html#mcstar-50-200-25-tablets
Mebeverine 135 Mg Tablet Colosig,130,Strip,1*10 Tablets / Strips,',Mebeverine Hydrochloride 135mg · 135 mg,Tablet,COLOSIG,',Pain Killers,Pain & Musculoskeletal,https://www.newlifeimpex.com/pain-killer-medicines.html#mebeverine-135-mg-tablet-colosig
Medroprogystrone Medotopbest 10 mg tablets,80,Strip,',',10mg,Tablet,Medotopbest 10 mg,Steris,Infertility & Women’s Health,Women's Health,https://www.newlifeimpex.com/infertility-medicine-and-womens-health.html#medroprogystrone-medotopbest-10-mg-tablets
Medroxyprogestrone Medrogest 10 mg Tablet,80,Strip,',',10mg,Tablet,Medrogest 10 mg,',Infertility & Women’s Health,Women's Health,https://www.newlifeimpex.com/infertility-medicine-and-womens-health.html#medroxyprogestrone-medrogest-10-mg-tablet
Megalis 20mg Tab,180,Strip,4 Tablets / Box,Tadalafil,Tadalafil 20 mg · 20 mg,Tablet,',',Men's Health & Erectile Dysfunction,Men's Health,https://www.newlifeimpex.com/erectile-dysfunction-medicine.html#megalis-20mg-tab
Megestrol Acetate Endace OS suspension,5400,Session,1*10 Tablet / Box,',40 mg,Syrup or liquid,Endace OS sus,Samarth,Anti-Cancer,Oncology,https://www.newlifeimpex.com/anti-cancer-drugs.html#megestrol-acetate-endace-os-suspension
Melatonin 10 Mg Sleepose,120,Strip,STRIPE,Melatonin,MELATONIN 10 MG · 10 mg,Other,SLEEPOSE 10,',Anti-Anxiety & Depression,Mental Health & Neurology,https://www.newlifeimpex.com/anti-anxiety-and-depression-medicine.html#melatonin-10-mg-sleepose
Melatonin 12 Mg Sleepose,140,Strip,90 Tablets/Capsules / STRIPE,Melatonin,MELATONIN 12 MG · 12 mg,Tablet,SLEEPOSE 12,',Anti-Anxiety & Depression,Mental Health & Neurology,https://www.newlifeimpex.com/anti-anxiety-and-depression-medicine.html#melatonin-12-mg-sleepose
Melatonin Sleepose 3 mg Tablet,70,Strip,Blister pack,Melatonin,3 mg,Tablet,Sleepose 3 mg,',Anti-Anxiety & Depression,Mental Health & Neurology,https://www.newlifeimpex.com/anti-anxiety-and-depression-medicine.html#melatonin-sleepose-3-mg-tablet
Melatonin Tablets 20 Mg Sleepose 20,120,Strip,90 Tablets/Capsules / STRIPE,Melatonin,MELATONIN 20 · 20 mg,Tablet,SLEEPOSE 20,',Anti-Anxiety & Depression,Mental Health & Neurology,https://www.newlifeimpex.com/anti-anxiety-and-depression-medicine.html#melatonin-tablets-20-mg-sleepose-20
Melatonin Tablets Metalite 3mg,250,Strip,',Melatonin,3 mg,Tablet,',Signature,Anti-Anxiety & Depression,Mental Health & Neurology,https://www.newlifeimpex.com/anti-anxiety-and-depression-medicine.html#melatonin-tablets-metalite-3mg
Meloset Melatonin 3 mg tablets,100,Strip,100 tablets,Melatonin,3 mg,Tablet,meloset 3 mg,',Generic & Uncategorized,Other,https://www.newlifeimpex.com/generic-products.html#meloset-melatonin-3-mg-tablets
Meloxicam 1mg Metaflam Tablets,56,Strip,10*10 Tablets / Box,Meloxicam,Meloxicam · 1mg,Tablet,',',Veterinary,Veterinary,https://www.newlifeimpex.com/veterinary-medicines.html#meloxicam-1mg-metaflam-tablets
Meloxicam Metaflam 2.5mg Chewable Tablets,100,Strip,10*10 Tablets / Strips,Meloxicam,2.5mg,Tablet,Metaflam,',Veterinary,Veterinary,https://www.newlifeimpex.com/veterinary-medicine.html#meloxicam-metaflam-2-5mg-chewable-tablets
Melphalan 2mg Tablet Melieva,1060,Bottle,',',2 mg,Tablet,Melieva,',Anti-Cancer,Oncology,https://www.newlifeimpex.com/anti-cancer-drugs.html#melphalan-2mg-tablet-melieva
Menotropin Persinal 75 Iu Injection,600,Piece,Vial,Menotropin,75 IU,Injection,Persinal,Serum,Generic & Uncategorized,Other,https://www.newlifeimpex.com/pharmaceutical-tablet.html#menotropin-persinal-75-iu-injection
Mesalazine Mesacol 800 tablet,365,Strip,10x15 tablets / Strips,Mesalamine,Mesalamine 800 mg · 800 mg,Tablet,Mesacol,',Generic & Uncategorized,Other,https://www.newlifeimpex.com/generic-products.html#mesalazine-mesacol-800-tablet
Mesterolone 25 Mg Tablet GONNAPRO 25,200,Box,1 X 10,Mesterolone,25 mg,Tablet,GONNAPRO 25,Kachhela,Testosterone & Steroids,Men's Health,https://www.newlifeimpex.com/testosterone-and-steroids.html#mesterolone-25-mg-tablet-gonnapro-25
Mesterolone Mestoviron 25mg Tablet,1300,Box,10 Tablets / Strip,Mesterolone,25 mg,Tablet,',',Generic & Uncategorized,Other,https://www.newlifeimpex.com/pharmaceutical-tablet.html#mesterolone-mestoviron-25mg-tablet
Mesterolone Tablets Viropace,230,Box,3 x 10 tab / Aluminun pack,Mesterolone,25 mg,Tablet,Viropace,',Testosterone & Steroids,Men's Health,https://www.newlifeimpex.com/testosterone-and-steroids.html#mesterolone-tablets-viropace
Mestrerolone 25 mg Provilbol Tablets,300,Strip,',Mesterolone,25 mg,Tablet,Provibol,',Testosterone & Steroids,Men's Health,https://www.newlifeimpex.com/testosterone-and-steroids.html#mestrerolone-25-mg-provilbol-tablets
Metadoxine Viboliv 500 Mg Tablet,279,Box,10*10 Tablets / Strips,',500 mg,Tablet,',',Anti-Cancer,Oncology,https://www.newlifeimpex.com/anti-cancer-medicines.html#metadoxine-viboliv-500-mg-tablet
Metformin Glycomet 1000mg Tablet,63,Strip,',Metformin,',Tablet,Glycomet,',Generic & Uncategorized,Other,https://www.newlifeimpex.com/pharmaceutical-tablet.html#metformin-glycomet-1000mg-tablet
Metformin Glycomet 250 mg Tablet,17,Strip,',Metformin,',Tablet,Glycomet,',Generic & Uncategorized,Other,https://www.newlifeimpex.com/pharmaceutical-tablet.html#metformin-glycomet-250-mg-tablet
Methandienone Danabol 10 mg tablet,150,Strip,',Methandienone,Methandienone 10 mg · 10 mg,Tablet,Danabol tablets,',Testosterone & Steroids,Men's Health,https://www.newlifeimpex.com/testosterone-and-steroids.html#methandienone-danabol-10-mg-tablet
Methandienone Zennavail Ds Tablets,200,Strip,',Methandienone,Methandienone · 20 mg,Tablet,Zennaavail DS tablet,',Testosterone & Steroids,Men's Health,https://www.newlifeimpex.com/testosterone-and-steroids.html#methandienone-zennavail-ds-tablets
Methenamine Hippurate 1gm Tablet Huena,280,Box,10×10 tablets,Methenamine,Methenamine Hippurate · 1 gm,Tablet,Cipla,',UTI,Gastro & Urinary,https://www.newlifeimpex.com/uti-medicines.html#methenamine-hippurate-1gm-tablet-huena
Methotrexate 2.5 Mg Tablet Methoquest,55,Strip,1*10 Tablets / Strip,Methotrexate,2.5mg,Tablet,',',Pain Killers,Pain & Musculoskeletal,https://www.newlifeimpex.com/pain-killer-medicines.html#methotrexate-2-5-mg-tablet-methoquest
Methotrexate Methotie 2.5 mg Tablet,60,Strip,10*10 Tablets / Strip,Methotrexate,2.5mg,Tablet,Methotie 2.5 mg,Care formulations,Pain Killers,Pain & Musculoskeletal,https://www.newlifeimpex.com/pain-killer-medicines.html#methotrexate-methotie-2-5-mg-tablet
Methylene Blue Oxyblu 1.0% Injection,400,Piece,5 Ampoules,',1.0%,Injection,Oxyblu,',Anti-Cancer,Oncology,https://www.newlifeimpex.com/anti-cancer-drugs.html#methylene-blue-oxyblu-1-0-injection
Methylprednisolone Acetate Depopred 40 mg Injection,91,Piece,Vial,Methylprednisolone,Acetate · 40mg,Injection,',',Antibiotics,Anti-Infectives,https://www.newlifeimpex.com/antibiotic-medicines.html#methylprednisolone-acetate-depopred-40-mg-injection
Methylprednisolone Acetate Neo-drol 125 injection,180,Vial,1ml,Methylprednisolone,125mg,Injection,Neo drol,Neon,Anti-Allergy,Allergy & Immunology,https://www.newlifeimpex.com/anti-allergy-medicines.html#methylprednisolone-acetate-neo-drol-125-injection
Metolazone Zytanix 5mg Tablet,587,Strip,10*10 Tablets,Metolazone,Metolazone · 5 mg,Tablet,Zytanix,Zydus,"Heart, Cholesterol & Hypertension",Cardiovascular,https://www.newlifeimpex.com/heart-health-cholesterol-hypertension-medicine.html#metolazone-zytanix-5mg-tablet
Metoprolol Seloken XL 50mg Tablet,91,Strip,10 tablets / Strip,Metoprolol,50 mg,Tablet,Sun Pharma,',Antibiotics,Anti-Infectives,https://www.newlifeimpex.com/antibiotic-medicines.html#metoprolol-seloken-xl-50mg-tablet
Metoprolol Tartrate 50 Mg BETALOC,186,Strip,1 X 30 / Strips,Metoprolol,50 mg,Tablet,BETALOC,Astra Zeneca,"Heart, Cholesterol & Hypertension",Cardiovascular,https://www.newlifeimpex.com/heart-health-cholesterol-hypertension-medicine.html#metoprolol-tartrate-50-mg-betaloc
Metotrip 5 Tablet,108,Strip,STRIPE,Melatonin,MELATONIN-5MG · 5 mg,Tablet,METOTRIP 5,',Anti-Anxiety & Depression,Mental Health & Neurology,https://www.newlifeimpex.com/anti-anxiety-and-depression-medicine.html#metotrip-5-tablet
Metrogyl 2% gel 30gm,111,Tube,',',200 mg,"Cream, gel, lotion",Metrogyl,J B chemical,Skin Care,Dermatology & Hair,https://www.newlifeimpex.com/skin-care-products.html#metrogyl-2-gel-30gm
Metrogyl Injection 100 ml,50,Strip,Bottle,',200 mg,Injection,Metrogyl,Jb chemical,Antivirals,Anti-Infectives,https://www.newlifeimpex.com/antiviral-drugs.html#metrogyl-injection-100-ml
Metrohex plus gel mouth infections,105,Piece,Tube,',',"Cream, gel, lotion",Metrohex plus gel,',Skin Care,Dermatology & Hair,https://www.newlifeimpex.com/skin-care-products.html#metrohex-plus-gel-mouth-infections
Micoheal miconazole gel,114,Tube,30 gm / Tube,',2 %,"Cream, gel, lotion",Micoheal,Healing Pharma,Skin Care,Dermatology & Hair,https://www.newlifeimpex.com/skin-care-products.html#micoheal-miconazole-gel
Miedox Doxycycline 100mg Injection,200,Vial,1 Injection in Vial,Doxycycline,100mg,Injection,',',Antibiotics,Anti-Infectives,https://www.newlifeimpex.com/antibiotic-medicines.html#miedox-doxycycline-100mg-injection
Minjuv 5 Mg Minoxidil Tablets,282,Strip,10*10 Tablets / Strip,Minoxidil,5 mg,Tablet,Minjuv,',Hair Care & Growth,Dermatology & Hair,https://www.newlifeimpex.com/hair-care-hair-growth-medicines.html#minjuv-5-mg-minoxidil-tablets
Minjuv Minoxidil Tablets 10mg,486,Strip,10 TABLETS IN 1 STRIP / 1X10,Minoxidil,10 mg,Tablet,JUVENOR,',Hair Care & Growth,Dermatology & Hair,https://www.newlifeimpex.com/hair-care-hair-growth-medicines.html#minjuv-minoxidil-tablets-10mg
Minocycline Minocyclone 100 mg tablet,490,Box,1*10 Tablet / Strips,Minocycline,100 mg,Tablet,Minocyclone,Steris,Antibiotics,Anti-Infectives,https://www.newlifeimpex.com/antibiotic-medicines.html#minocycline-minocyclone-100-mg-tablet
Minosign Minocycline 100 Mg Tablet,275,Box,1*10 Tablet / Strips,Minocycline,100 mg,Tablet,Minosign 100,',Antibiotics,Anti-Infectives,https://www.newlifeimpex.com/antibiotic-medicines.html#minosign-minocycline-100-mg-tablet
Minosign Minocycline 50 Mg Tablet,200,Box,1*10 Tablet / Strips,Minocycline,50 mg,Tablet,Minosign,',Antibiotics,Anti-Infectives,https://www.newlifeimpex.com/antibiotic-medicines.html#minosign-minocycline-50-mg-tablet
Minosun Minoxidil Tablet 5mg,85,Box,Strip,Minoxidil,MINOXIDIL · 5 mg,Tablet,MINOSUN,Sunrise,Hair Care & Growth,Dermatology & Hair,https://www.newlifeimpex.com/hair-care-hair-growth-medicines.html#minosun-minoxidil-tablet-5mg
Minosun Minoxidil Tablets 10mg,200,Strip,Strip,Minoxidil,10 mg,Tablet,MINOSUN 10 MG,Sunrise,Hair Care & Growth,Dermatology & Hair,https://www.newlifeimpex.com/hair-care-hair-growth-medicines.html#minosun-minoxidil-tablets-10mg
Minoxidil 2.5 mg Tablets Minoxihead,100,Strip,1 x 10 / Strip,Minoxidil,2.5 mg,Tablet,minoxihead 2.5 mg,',Hair Care & Growth,Dermatology & Hair,https://www.newlifeimpex.com/hair-care-hair-growth-medicines.html#minoxidil-2-5-mg-tablets-minoxihead
Minoxidil And Finasteride Appecia F Solution,300,Bottle,60 ml / Bottle,Minoxidil; Finasteride,5 %,Syrup or liquid,Appecia F,',Hair Care & Growth,Dermatology & Hair,https://www.newlifeimpex.com/hair-care-hair-growth-medicines.html#minoxidil-and-finasteride-appecia-f-solution
Minoxidil and finasteride Minoxihair F solution,350,Bottle,60 ml / Bottle,Minoxidil; Finasteride,5 %,Syrup or liquid,Minoxihair F solution,',Hair Care & Growth,Dermatology & Hair,https://www.newlifeimpex.com/hair-care-hair-growth-medicines.html#minoxidil-and-finasteride-minoxihair-f-solution
Minoxidil finasteride Morr F 5% solution,850,Bottle,60 ml / Bottle,Minoxidil; Finasteride,Minoxidil and finasteride · 5 %,Syrup or liquid,Morr-F 5%,Intas,Hair Care & Growth,Dermatology & Hair,https://www.newlifeimpex.com/hair-care-hair-growth-medicines.html#minoxidil-finasteride-morr-f-5-solution
Minoxidil minoxiboon 2.5 mg tablet,100,Strip,10*10 Tablets / Strip,Minoxidil,2.5 mg,Tablet,Minoxiboon 2.5 mg,Kachela,Skin Care,Dermatology & Hair,https://www.newlifeimpex.com/skin-care-products.html#minoxidil-minoxiboon-2-5-mg-tablet
Minoxidil Minoxiboon 5 mg Tablets,80,Strip,10*10 Tablets / Strip,Minoxidil,5 mg,Tablet,Minoxiboon 5 mg,',Hair Care & Growth,Dermatology & Hair,https://www.newlifeimpex.com/hair-care-hair-growth-medicines.html#minoxidil-minoxiboon-5-mg-tablets
Minoxidil Minoxytop 5mg Tablets,130,Strip,10*10 Tablets / Box,Minoxidil,5 mg,Tablet,Minoxytop 5 mg,Healing pharma,Hair Care & Growth,Dermatology & Hair,https://www.newlifeimpex.com/hair-care-hair-growth-medicines.html#minoxidil-minoxytop-5mg-tablets
Minoxidil Tablet 5mg Minoxypark tablet,100,Strip,Strip,Minoxidil,MINOXIDIL · 5 mg,Tablet,MINOXYPARK,Parikh Lifescience,Hair Care & Growth,Dermatology & Hair,https://www.newlifeimpex.com/hair-care-hair-growth-medicines.html#minoxidil-tablet-5mg-minoxypark-tablet
Minoxidil Tinfal 5% solution,300,Box,60 ml,Minoxidil,5% w/v,Syrup or liquid,Tinfol 5%,Leeford,Hair Care & Growth,Dermatology & Hair,https://www.newlifeimpex.com/hair-care-hair-growth-medicines.html#minoxidil-tinfal-5-solution
Minoxytop 10 Minoxidil tablets,250,Strip,10*10 Tablets / Strip,Minoxidil,10 mg,Tablet,',',"Heart, Cholesterol & Hypertension",Cardiovascular,https://www.newlifeimpex.com/heart-health-cholesterol-hypertension-medicine.html#minoxytop-10-minoxidil-tablets
Minoxytop F 5 % Solution,1000,Bottle,60ml,',5% w/v,Injection,Minoxytop,Healing Pharma India Pvt. Ltd.,Hair Care & Growth,Dermatology & Hair,https://www.newlifeimpex.com/hair-care-hair-growth-medicines.html#minoxytop-f-5-solution
Minoxytop F5 %,900,Piece,60ml,Minoxidil,Minoxidil Solution 5% / Minoxidil Solution 10% / Minoxidil Solution · 5% w/v,Syrup or liquid,Minoxytop,Healing Pharma India Pvt. Ltd.,Hair Care & Growth,Dermatology & Hair,https://www.newlifeimpex.com/hair-care-hair-growth-medicines.html#minoxytop-f5
Minoxytop Minoxidil 5% Solution,450,Piece,60 ml,Minoxidil,MINOXIDIL 5% SOLUTION · 5% w/v,Syrup or liquid,Minoxytop,Zee laboratories,Hair Care & Growth,Dermatology & Hair,https://www.newlifeimpex.com/hair-care-hair-growth-medicines.html#minoxytop-minoxidil-5-solution
Minoxytop Minoxidil Topical Solution,750,Piece,60 ml,Minoxidil,Minoxidil 10% · 10%,Syrup or liquid,MINOXYTOP,Zee laboratories,Hair Care & Growth,Dermatology & Hair,https://www.newlifeimpex.com/hair-care-hair-growth-medicines.html#minoxytop-minoxidil-topical-solution
Mintop 10% Minoxidil Solution 60 Ml,1700,Bottle,60ml,Minoxidil,10%,Syrup or liquid,Mintop,',Hair Care & Growth,Dermatology & Hair,https://www.newlifeimpex.com/hair-care-hair-growth-medicines.html#mintop-10-minoxidil-solution-60-ml
Mintop 5 Solution,850,Piece,60ml,',5% w/v,Syrup or liquid,Mintop,',Hair Care & Growth,Dermatology & Hair,https://www.newlifeimpex.com/hair-care-hair-growth-medicines.html#mintop-5-solution
Minwin D Minoxidil Dutasteride TABLETS,100,Strip,1*10 Tablets / Strips,Minoxidil; Dutasteride,5 MG AND 0.5 MG,Tablet,Minwin D,Winlife,Hair Care & Growth,Dermatology & Hair,https://www.newlifeimpex.com/hair-care-hair-growth-medicines.html#minwin-d-minoxidil-dutasteride-tablets
Minwin F Tablet Minoxidil And Finasteride,100,Strip,10*10 Tablets / Strip,Minoxidil; Finasteride,1MG AND 5 MG,Tablet,MINWIN F,Winlife,Hair Care & Growth,Dermatology & Hair,https://www.newlifeimpex.com/hair-care-hair-growth-medicines.html#minwin-f-tablet-minoxidil-and-finasteride
Mirabegron Mbgron 25 Mg Tablets,200,Strip,10*10 Tablets / Strips,Mirabegron,25mg,Tablet,MBGRON 25,Care formolation,Generic & Uncategorized,Other,https://www.newlifeimpex.com/generic-products.html#mirabegron-mbgron-25-mg-tablets
Mirabegron Mirgron ER 50 tablets,300,Strip,1*10 Tablets / Strips,Mirabegron,50mg,Tablet,',',Generic & Uncategorized,Other,https://www.newlifeimpex.com/generic-products.html#mirabegron-mirgron-er-50-tablets
Mircera 150 Mcg Injection,1000,Piece,0.3 ML / VIAL,',Methoxy Polythylene glycol-epoeti · 150 mcg,Injection,MIRCERA,Vifor Pharma,Anemia,Hematology,https://www.newlifeimpex.com/anemia-medicine.html#mircera-150-mcg-injection
Modafinil Modasure 200mg Tablet,130,Strip,1 × 10 tablets / Strip,Modafinil,',Tablet,Modasafe,Privet,Men's Health & Erectile Dysfunction,Men's Health,https://www.newlifeimpex.com/erectile-dysfunction-medicine.html#modafinil-modasure-200mg-tablet
Modafinil Modvigil 200 mg Tablets,85,Strip,10 Tablets / Strip,Modafinil,200mg,Tablet,Modvigil tablets,',Pain Killers,Pain & Musculoskeletal,https://www.newlifeimpex.com/pain-killer-medicines.html#modafinil-modvigil-200-mg-tablets
Modafinil Rapofil 200mg Tablet,1700,Strip,1 × 10 tablets / Strip,Modafinil,',Tablet,Rapofil,Shree Venkatesh International Limited,Anti-Cancer,Oncology,https://www.newlifeimpex.com/anti-cancer-medicines.html#modafinil-rapofil-200mg-tablet
Modafresh 200 Mg Tablets,120,Strip,10 x 10 tab / Strips,',250 mg,Tablet,Modafresh,',Anti-Anxiety & Depression,Mental Health & Neurology,https://www.newlifeimpex.com/anti-anxiety-and-depression-medicine.html#modafresh-200-mg-tablets
Modula Tadalafil Tablets,250,Strip,1*10 Tablets / Strip,Tadalafil,Tadalafil 5 mg · 5mg,Tablet,Modula,Sun Pharma,Men's Health & Erectile Dysfunction,Men's Health,https://www.newlifeimpex.com/erectile-dysfunction-medicine.html#modula-tadalafil-tablets
"Mometasone Elocon Cream, 10gm, Non Prescription",291,Tube,30 gm,Mometasone,',"Cream, gel, lotion",MSD,',Skin Care,Dermatology & Hair,https://www.newlifeimpex.com/skin-care-medicine.html#mometasone-elocon-cream-10gm-non-prescription
Montas-L Montelukast Levocetirizine Tablets,170,Strip,20*1*10 Tablets / Box,Montelukast; Levocetirizine,Montelukast Levocetirizine,Tablet,Montas-L,Intas,Antivirals,Anti-Infectives,https://www.newlifeimpex.com/antiviral-drugs.html#montas-l-montelukast-levocetirizine-tablets
Montelokast Montair LC Tablets,285,Strip,10*15,Montelukast,',Tablet,Montair 10 mg,',Anti-Allergy,Allergy & Immunology,https://www.newlifeimpex.com/anti-allergy-medicines.html#montelokast-montair-lc-tablets
Montelukast Levocetirizine Tablets MONTEWOK-LC,80,Strip,10*10 Tablets,Montelukast; Levocetirizine,Montelukast Levocetirizine,Tablet,MONTEWOK - LC,',Anti-Allergy,Allergy & Immunology,https://www.newlifeimpex.com/anti-allergy-medicines.html#montelukast-levocetirizine-tablets-montewok-lc
Morr F 10% Minoxidil & Finasteride Topical Solution,1175,Bottle,60 ML,Minoxidil; Finasteride,MINIOXDIL 10 % W / W,Syrup or liquid,MORR F 10 % SOLUTION,Intas Pharmaceuticals Ltd,Hair Care & Growth,Dermatology & Hair,https://www.newlifeimpex.com/hair-care-hair-growth-medicines.html#morr-f-10-minoxidil-finasteride-topical-solution
Mucanix Acetylcysteine Injection,125,Piece,5 ml,',',Injection,mucanix,',Generic & Uncategorized,Other,https://www.newlifeimpex.com/generic-products.html#mucanix-acetylcysteine-injection
Mupiheal 2% Mupirocin Ointment,324,Tube,15 g / Box,Mupirocin,2%,"Cream, gel, lotion",Mupiheal,Healing Pharma,Skin Care,Dermatology & Hair,https://www.newlifeimpex.com/skin-care-medicine.html#mupiheal-2-mupirocin-ointment
Musli Plus Capsules,415,Strip,10 Capsules,',',Capsule,MUSLI PLUS,Clide,Men's Health & Erectile Dysfunction,Men's Health,https://www.newlifeimpex.com/mens-health-erectile-dysfunction-drugs.html#musli-plus-capsules
Musli Sutra Capsules,250,Strip,10 Capsules,',',Capsule,MUSLI SUTRA,Zee Laboratories,Men's Health & Erectile Dysfunction,Men's Health,https://www.newlifeimpex.com/mens-health-erectile-dysfunction-drugs.html#musli-sutra-capsules
MVI Multiviamin 10 ml injection,50,Vial,10 ml / Ampoule,',',Injection,American MVI injection,',Generic & Uncategorized,Other,https://www.newlifeimpex.com/generic-medicine.html#mvi-multiviamin-10-ml-injection
Mycophenolate Mycomune 500 Mg Tablets,250,Strip,10 tablets / Strip,Mycophenolate,500 mg,Tablet,ZYDUS CADILA,Zydus Lifesciences,Immunosuppressants,Allergy & Immunology,https://www.newlifeimpex.com/immunosuppressants.html#mycophenolate-mycomune-500-mg-tablets
Mycophenolate Mycoplasm M Tablets,600,Strip,1*10 Tablets / Box,Mycophenolate,500 mg,Tablet,Mycoplasm M,Steris,Immunosuppressants,Allergy & Immunology,https://www.newlifeimpex.com/immunosuppressants.html#mycophenolate-mycoplasm-m-tablets
Mycophenolic Acid 360mg Renodapt-S Tablets,1279,Strip,3*10 / Strips,Mycophenolic,360 mg,Tablet,Biocon,Biacon,Immunosuppressants,Allergy & Immunology,https://www.newlifeimpex.com/immunosuppressants.html#mycophenolic-acid-360mg-renodapt-s-tablets
Myformin PR 1 gm Tablets,45,Strip,1*10 Tablet / Strip,',1000 mg,Tablet,Myformin PR 1 gm,',Weight Loss & Anti-Diabetic,Metabolic & Endocrine,https://www.newlifeimpex.com/weight-loss-and-anti-diabetic-medicine.html#myformin-pr-1-gm-tablets
N Acetylcysteine 600 Mg N-Systin Effervescent Tablet,300,Strip,Strip Of 10,',600 mg,Tablet,N-SYSTIN,Knoll,COPD & Asthma,Respiratory,https://www.newlifeimpex.com/copd-asthma-inhalers-and-medicines.html#n-acetylcysteine-600-mg-n-systin-effervescent-tablet
Nailrox Nail Lacquer Ciclopirox (8% w/v),335,Piece,5 ml / Bottle,Ciclopirox,Ciclopirox (8% w/v),Other,',',Skin Care,Dermatology & Hair,https://www.newlifeimpex.com/skin-care-products.html#nailrox-nail-lacquer-ciclopirox-8-w-v
Naltison Naltrexone 50 Mg Tablets,600,Strip,1*10 Tablets / Strips,Naltrexone,naltrexone · 50 mg,Tablet,',',De-Addiction,Mental Health & Neurology,https://www.newlifeimpex.com/de-addiction-medicine.html#naltison-naltrexone-50-mg-tablets
Naltivia Naltrexone 50mg tablets,675,Strip,1*10 Tablets / Strips,Naltrexone,Naltrexone · 50 mg,Tablet,',',De-Addiction,Mental Health & Neurology,https://www.newlifeimpex.com/de-addiction-medicine.html#naltivia-naltrexone-50mg-tablets
Naltrexone + Bupropion Naltrust Bp 8/90 Mg,390,Strip,1*10 Tablets / Strips,Naltrexone; Bupropion,NALTREXONE + BUPROPION · 8/90,Other,',',De-Addiction,Mental Health & Neurology,https://www.newlifeimpex.com/de-addiction-medicine.html#naltrexone-bupropion-naltrust-bp-8-90-mg
Naltrexone 25mg Tablets,480,Strip,1*10 Tablets / Strips,Naltrexone,Naltrexone 25mg · 25 mg,Tablet,Naltrust,',De-Addiction,Mental Health & Neurology,https://www.newlifeimpex.com/de-addiction-medicine.html#naltrexone-25mg-tablets
Naltrexone 50mg Naltima 50 Tablet,968,Strip,strip / Strips,Naltrexone,50 mg,Tablet,Naltima,Sun,De-Addiction,Mental Health & Neurology,https://www.newlifeimpex.com/de-addiction-medicine.html#naltrexone-50mg-naltima-50-tablet
Naltrexone 50mg Tablets Naltrust,920,Strip,1*10 Tablets / Strips,Naltrexone,Naltrexone (50mg) · 50 mg,Tablet,Naltrust,',De-Addiction,Mental Health & Neurology,https://www.newlifeimpex.com/de-addiction-medicine.html#naltrexone-50mg-tablets-naltrust
Naltrexone Hydrochloride Tablets 5 Mg Naltrust,190,Strip,1*10 Tablets / Strips,Naltrexone,Naltrexone Hydrochloride · 5 mg,Tablet,',',De-Addiction,Mental Health & Neurology,https://www.newlifeimpex.com/de-addiction-medicine.html#naltrexone-hydrochloride-tablets-5-mg-naltrust
Naltrexone Nalexta 50 mg Tablet,600,Strip,1*10 Tablets / Strips,Naltrexone,Naltrexone · 50 mg,Tablet,',',De-Addiction,Mental Health & Neurology,https://www.newlifeimpex.com/de-addiction-medicine.html#naltrexone-nalexta-50-mg-tablet
Naltroxone Naltroxon 50 Mg Tablet,600,Strip,1*10 Tablets / Strips,Naltrexone,50 mg,Tablet,',',De-Addiction,Mental Health & Neurology,https://www.newlifeimpex.com/de-addiction-medicine.html#naltroxone-naltroxon-50-mg-tablet
Nandrolone Phenylpropionate Nandrolin 100 Mg Injection,130,Vial,1ml / Box,Nandrolone,100 mg,Injection,Nandrolin,',Testosterone & Steroids,Men's Health,https://www.newlifeimpex.com/testosterone-and-steroids.html#nandrolone-phenylpropionate-nandrolin-100-mg-injection
Nandrolone Phenylpropionate Rolonabol 100mg Injection,525,Vial,Ampoule,Nandrolone,Nandrolone Phenylpropionate · 100 mg,Injection,Rolonabol,Shree Venkatesh International Limited.,Veterinary,Veterinary,https://www.newlifeimpex.com/veterinary-medicines.html#nandrolone-phenylpropionate-rolonabol-100mg-injection
Natabact Natamycin (5% w/v) drop,120,Bottle,5 ml / Bottle,Natamycin,5% w/v,Drops,Natabact drop,',Eye Drops,Ophthalmology,https://www.newlifeimpex.com/eye-drops.html#natabact-natamycin-5-w-v-drop
Natamycin Natamet Eye Drop,130,Bottle,5 ml,Natamycin,Natamycin (5% w/v),Drops,NATAMET,',Eye Drops,Ophthalmology,https://www.newlifeimpex.com/eye-drops.html#natamycin-natamet-eye-drop
Nattokinase Capsule 2000 FU,800,Bottle,90 Capsules,',',Capsule,Nattokines,',Generic & Uncategorized,Other,https://www.newlifeimpex.com/generic-medicine.html#nattokinase-capsule-2000-fu
Nemocid Pyrantel Pamoate Tablets,15,Piece,3 tablets in 1 strip,Pyrantel,250 mg,Tablet,Nemocid,',Antiparasitic & Antimalarial,Anti-Infectives,https://www.newlifeimpex.com/anti-parasitic-and-anti-malarial-medicines.html#nemocid-pyrantel-pamoate-tablets
Neosporin H Ear Drop,93,Piece,5 ml / Bottle,',',Drops,Neosporine H drop,',Eye Drops,Ophthalmology,https://www.newlifeimpex.com/eye-drops.html#neosporin-h-ear-drop
Neurobion Forte Tablets,42,Strip,Strips,',',Tablet,Neurobion Forte,Merk,Generic & Uncategorized,Other,https://www.newlifeimpex.com/generic-medicine.html#neurobion-forte-tablets
Nexgard Afoxolaner Chewable 136 Mg Tablet,2600,Strip,3 tablets,Afoxolaner,',Tablet,Nexgard,',Veterinary,Veterinary,https://www.newlifeimpex.com/veterinary-medicine.html#nexgard-afoxolaner-chewable-136-mg-tablet
Nicotex 4MG Tablet,150,Pack,9 pieces / Strip,',4 mg,Tablet,NICOTEX,Cipla,Generic & Uncategorized,Other,https://www.newlifeimpex.com/generic-medicine.html#nicotex-4mg-tablet
Ninlib Nilotinib 200 Mg,1575,Box,',Nilotinib,200 mg,Capsule,',',Anti-Cancer,Oncology,https://www.newlifeimpex.com/anti-cancer-drugs.html#ninlib-nilotinib-200-mg
Nintedanib 150mg Capsule,850,Strip,strip of 10 capsules / Strip,Nintedanib,150 mg,Capsule,Nintib,',Antibiotics,Anti-Infectives,https://www.newlifeimpex.com/antibiotic-medicines.html#nintedanib-150mg-capsule
Niraparib Zejula 100mg Tablet,574363,Box,50,Niraparib,Niraparib · 100 mg,Tablet,Zejula,Gsk,Generic & Uncategorized,Other,https://www.newlifeimpex.com/pharmaceutical-tablet.html#niraparib-zejula-100mg-tablet
Nitrohart Isosorbide Dinitrate And Hydralazine Tablets,88,Strip,',',5 mg,Tablet,Nitroheart,',Generic & Uncategorized,Other,https://www.newlifeimpex.com/generic-medicine.html#nitrohart-isosorbide-dinitrate-and-hydralazine-tablets
Nobal Spas 2 Ml Injection,19,Ampoule,2 ml / Ampoule,',10/25,Injection,',Mankind,Pain Killers,Pain & Musculoskeletal,https://www.newlifeimpex.com/pain-killer-medicines.html#nobal-spas-2-ml-injection
Nodict 50mg Naltrexone Tablets,1040,Strip,10 TABLETS / Alu Alu,Naltrexone,50 mg,Tablet,',',De-Addiction,Mental Health & Neurology,https://www.newlifeimpex.com/de-addiction-medicine.html#nodict-50mg-naltrexone-tablets
Norethisterone 5 Mg Tablets,60,Strip,10*10 Tablets,Norethisterone,5 mg,Tablet,Primolut-N,Zydus,Infertility & Women’s Health,Women's Health,https://www.newlifeimpex.com/infertility-medicine-and-womens-health.html#norethisterone-5-mg-tablets
Nortriptyline Nortroph 25 Tablets,25,Strip,1X10 Tablets / Box,Nortriptyline,Nortriptyline · 100 mg/ 10 mg,Tablet,Nortroph 25,',Pain Killers,Pain & Musculoskeletal,https://www.newlifeimpex.com/pain-killer-medicines.html#nortriptyline-nortroph-25-tablets
Nortrop 25 Mg Tablets,40,Strip,1X10 Tablets / Stripe,',Nortriptomer · 25 mg,Tablet,Nortrop 25 mg,',Pain Killers,Pain & Musculoskeletal,https://www.newlifeimpex.com/pain-killer-medicines.html#nortrop-25-mg-tablets
Novelon Desogestrel Tablet,240,Strip,Box,Desogestrel,',Tablet,MSD,',Infertility & Women’s Health,Women's Health,https://www.newlifeimpex.com/infertility-medicine-and-womens-health.html#novelon-desogestrel-tablet
Novorapid Flexpen Injection,400,Piece,',',',Injection,Novorapid Penfill,',Weight Loss & Anti-Diabetic,Metabolic & Endocrine,https://www.newlifeimpex.com/weight-loss-and-anti-diabetic-medicine.html#novorapid-flexpen-injection
Nublexa Regorafenib 40 Mg Tablets,29000,Box,',',40 mg,Tablet,',',Anti-Cancer,Oncology,https://www.newlifeimpex.com/anti-cancer-drugs.html#nublexa-regorafenib-40-mg-tablets
Oclacitinib oclapet 16 mg Tablet,1314,Box,10 Tablet,',16 mg,Tablet,Oclapet,',Veterinary,Veterinary,https://www.newlifeimpex.com/veterinary-medicines.html#oclacitinib-oclapet-16-mg-tablet
Octreotide Acetate (30mg) Celostatin Injection,15000,Vial,2 ml / Ampoule,Octreotide,Octreotide 30mcg · 30 mg,Injection,',',Anti-Cancer,Oncology,https://www.newlifeimpex.com/anti-cancer-drugs.html#octreotide-acetate-30mg-celostatin-injection
Octreotide Netvica 30 Injection,20000,Vial,1 ml / Box,Octreotide,Octreotide 30mcg · 30 mcg,Injection,',',Generic & Uncategorized,Other,https://www.newlifeimpex.com/generic-medicine.html#octreotide-netvica-30-injection
Ocupol DX eye and ear drop,148,Piece,5 ml,',',Drops,Centaur,',Eye Drops,Ophthalmology,https://www.newlifeimpex.com/eye-drops.html#ocupol-dx-eye-and-ear-drop
Oflox Ofloxacin drop,54,Piece,5 ml,Ofloxacin,0.3 % w/w,Drops,Oflox,Cipla,Eye Drops,Ophthalmology,https://www.newlifeimpex.com/eye-drops.html#oflox-ofloxacin-drop
Olmepan 40 mg tablets,140,Strip,10*10 Tablets / Strip,',40 mg,Tablet,Olmepan,Morepan,"Heart, Cholesterol & Hypertension",Cardiovascular,https://www.newlifeimpex.com/heart-health-cholesterol-hypertension-medicine.html#olmepan-40-mg-tablets
Olmesartan Medoxomil 20 Mg Tablet,156,Strip,Stripe,Olmesartan,Olmesartan 20 MG · 20 mg,Tablet,OLMEHEAL,Healing Pharma,"Heart, Cholesterol & Hypertension",Cardiovascular,https://www.newlifeimpex.com/heart-health-cholesterol-hypertension-medicine.html#olmesartan-medoxomil-20-mg-tablet
Omeprazole 20mg Capsules Omezose,100,Strip,20*20 Capsules / Strips,Omeprazole,20mg,Capsule,omezose 20 mg,',Ulcer & Antacids,Gastro & Urinary,https://www.newlifeimpex.com/ulcer-medicines-and-antacids.html#omeprazole-20mg-capsules-omezose
Omnacortil 20mg Tablets,25,Strip,STRIP OF 10 TABLETS / Strips,',20mg,Tablet,OMNACORTIL,',Anti-Allergy,Allergy & Immunology,https://www.newlifeimpex.com/anti-allergy-medicines.html#omnacortil-20mg-tablets
Ondansetron Ondeheal MD 4 Mg Tablet,50,Strip,10 tablets / Box,Ondansetron,4 mg,Tablet,Ondeheal,Healing,Generic & Uncategorized,Other,https://www.newlifeimpex.com/generic-products.html#ondansetron-ondeheal-md-4-mg-tablet
Optineuron Vitamin B-Complex with Vitamin B-12 Injection,40,Vial,3 ml / Ampoule,',B1+B2+B3+B5+B6+B12 · 3 ml,Injection,Lupin,',Nutritional,Nutrition,https://www.newlifeimpex.com/nutritional-deficiency-treatment.html#optineuron-vitamin-b-complex-with-vitamin-b-12-injection
Orligal Orlistat Capsules,2000,Pack,1*90 Capsules / Strip,Orlistat,120 mg,Tablet,Olisat,',Weight Loss & Anti-Diabetic,Metabolic & Endocrine,https://www.newlifeimpex.com/weight-loss-and-anti-diabetic-medicine.html#orligal-orlistat-capsules
Oseltavac-75 Oseltamivir Capsules,625,Strip,Box,Oseltamivir,75 mg,Tablet,',',Antivirals,Anti-Infectives,https://www.newlifeimpex.com/antiviral-drugs.html#oseltavac-75-oseltamivir-capsules
Osteofos Alendronic acid 35 mg tablets,188,Strip,1*4 Tablets / Strips,',35 mg,Tablet,Osteofos 35 mg,',Generic & Uncategorized,Other,https://www.newlifeimpex.com/generic-products.html#osteofos-alendronic-acid-35-mg-tablets
Ovidac 5000 I.u. Injection,250,Piece,',',5000iu,Injection,Ovidac,Zydus Pharma,Infertility & Women’s Health,Women's Health,https://www.newlifeimpex.com/infertility-medicine-and-womens-health.html#ovidac-5000-i-u-injection
Oxandrolone Oxadrol 10mg Tablet,1450,Box,10 Tablets / Strip,Oxandrolone,10 mg,Tablet,Shree Venkatesh International Limited.,',Men's Health & Erectile Dysfunction,Men's Health,https://www.newlifeimpex.com/erectile-dysfunction-medicine.html#oxandrolone-oxadrol-10mg-tablet
Oxymetholone Oxythol 50mg Tablet,1450,Box,10 Tablet / Strip,Oxymetholone,50 mg,Tablet,Shree Venkatesh International Limited.,Shree Venkatesh International Limited.,Thyroid,Metabolic & Endocrine,https://www.newlifeimpex.com/thyroid-medicine.html#oxymetholone-oxythol-50mg-tablet
P Force Fort 150mg,64,Strip,10 Tablets,Sildenafil,SILDENAFIL · 150mg,Tablet,P FORCE FORTE,Sunrise,Men's Health & Erectile Dysfunction,Men's Health,https://www.newlifeimpex.com/erectile-dysfunction-medicine.html#p-force-fort-150mg
Pain O Soma 500 Mg Carisoprodol Tablets,741,Strip,',',Carisoprodol 500mg · 500mg,Tablet,',',Pain Killers,Pain & Musculoskeletal,https://www.newlifeimpex.com/pain-killer-medicines.html#pain-o-soma-500-mg-carisoprodol-tablets
Palmitic Acid Palmiflam 300mg Capsules,300,Kg,1 Kg,',',Capsule,',',Pain Killers,Pain & Musculoskeletal,https://www.newlifeimpex.com/pain-killer-medicines.html#palmitic-acid-palmiflam-300mg-capsules
Pancreatin Pancreote 10000 Capsules,797,Strip,10*10 Tablets / Blister pack,',150mg,Capsule,',',Anti-Cancer,Oncology,https://www.newlifeimpex.com/anti-cancer-drugs.html#pancreatin-pancreote-10000-capsules
pazopanib Pazinib 400mg Tablets,3800,Bottle,',',400 mg,Tablet,',Hetro,Anti-Cancer,Oncology,https://www.newlifeimpex.com/anti-cancer-drugs.html#pazopanib-pazinib-400mg-tablets
Peg L Asparaginase 3750IU Injection,25536,Vial,',',L-Asparaginase · 3750 iu,Injection,Aspatero,',Anti-Cancer,Oncology,https://www.newlifeimpex.com/anti-cancer-medicines.html#peg-l-asparaginase-3750iu-injection
Pegex Pegfilgrastim 6 Mg Injection,4500,Piece,1X0.6 ml Vial,Pegfilgrastim,6 mg,Injection,',',Anti-Cancer,Oncology,https://www.newlifeimpex.com/anti-cancer-drugs.html#pegex-pegfilgrastim-6-mg-injection
Pemetrexe Pemshil 100 mg injection,1000,Vial,Vial,',100 mg,Injection,Pemshil 100 mg,Shilpa,Anti-Cancer,Oncology,https://www.newlifeimpex.com/anti-cancer-drugs.html#pemetrexe-pemshil-100-mg-injection
Pemetrexed Pemshil 500mg injection,1800,Vial,Vial,',500 mg,Injection,pemshil 500 mg,Shilpa,Generic & Uncategorized,Other,https://www.newlifeimpex.com/generic-products.html#pemetrexed-pemshil-500mg-injection
Pemmet Pemetrexed 500 Injection,7700,Vial,Vial,',500 mg,Injection,Pemmet,Intas,Anti-Cancer,Oncology,https://www.newlifeimpex.com/anti-cancer-drugs.html#pemmet-pemetrexed-500-injection
Penicillamine Cilamin 250 mg Capsules,165,Strip,',',250 mg,Capsule,Cilomin 250 mg,Mankind,Pain Killers,Pain & Musculoskeletal,https://www.newlifeimpex.com/pain-killer-medicines.html#penicillamine-cilamin-250-mg-capsules
Perfinidon Pirfenex 200 tablets,420,Strip,10X15 Tablets,',200 mg,Tablet,Perfinex 200,',Antibiotics,Anti-Infectives,https://www.newlifeimpex.com/antibiotic-medicines.html#perfinidon-pirfenex-200-tablets
Perindopril Perisyl 4 mg tablets,120,Box,1*10 Tablet / Strips,Perindopril,4 mg,Tablet,',',"Heart, Cholesterol & Hypertension",Cardiovascular,https://www.newlifeimpex.com/heart-health-cholesterol-hypertension-medicine.html#perindopril-perisyl-4-mg-tablets
Permethrin Cream Permin Cream,125,Piece,60 gm / Tube,Permethrin,',"Cream, gel, lotion",permin cream,Universal,Skin Care,Dermatology & Hair,https://www.newlifeimpex.com/skin-care-products.html#permethrin-cream-permin-cream
Pexep Paroxetine (30mg) tablets,396,Piece,strips of 10 tablets / Strip,Paroxetine,30 mg,Tablet,Pexep 30 mg tablets,',Anti-Anxiety & Depression,Mental Health & Neurology,https://www.newlifeimpex.com/anti-depressant-and-anit-anxiety.html#pexep-paroxetine-30mg-tablets
Pilocarpine 2% Pilocar eye drop,85,Piece,5 ml,',2%,Drops,Pilocar,Fdc,Eye Drops,Ophthalmology,https://www.newlifeimpex.com/eye-drops.html#pilocarpine-2-pilocar-eye-drop
Pimobendan Petmedin 2.5 mg Tablets,1250,Piece,30 Tablet / Box,',2.5 mg,Tablet,petmedin,',Veterinary,Veterinary,https://www.newlifeimpex.com/veterinary-medicines.html#pimobendan-petmedin-2-5-mg-tablets
Piracetam 800 Mg Tablet,215,Month,10 x 10tab,',Plain · 800 mg,Tablet,Autitam,',Neurological & Psychiatric,Mental Health & Neurology,https://www.newlifeimpex.com/parkinsons-disease-schizophrenia-medicine.html#piracetam-800-mg-tablet
Pirfesign-200 MG Tablets,300,Strip,1X10,',"200 MG, 200 mg",Tablet,Pirfesign 200 mg tablet,Signature,Anti-Allergy,Allergy & Immunology,https://www.newlifeimpex.com/anti-allergy-medicines.html#pirfesign-200-mg-tablets
Pitavastatin Pitamark 4 mg Tablet,269,Strip,1 x 10 tablets / Strip,Pitavastatin,Calcium · 4 mg,Tablet,Pitamark,',Generic & Uncategorized,Other,https://www.newlifeimpex.com/pharmaceutical-tablet.html#pitavastatin-pitamark-4-mg-tablet
Pitavastatin PIVASTA 2 MG TABLET,200,Strip,1 x 10 tablets / Strip,Pitavastatin,Calcium · 2 mg,Tablet,Pivasta,Zydus Cadila,Generic & Uncategorized,Other,https://www.newlifeimpex.com/pharmaceutical-tablet.html#pitavastatin-pivasta-2-mg-tablet
Placentrex Gel 20gm,130,Tube,20g tube / Tube,',40 mg,"Cream, gel, lotion",Placentrex Gel,Albert David,Skin Care,Dermatology & Hair,https://www.newlifeimpex.com/skin-care-medicine.html#placentrex-gel-20gm
Posaconazole 100mg Picasa Gr Capsules,2500,Piece,',Posaconazole,100 mg,Capsule,Picasa,Intas,Anti-Allergy,Allergy & Immunology,https://www.newlifeimpex.com/anti-allergy-medicines.html#posaconazole-100mg-picasa-gr-capsules
Posaconazole Posoxil 100 mg tablet,2200,Bottle,10 tablets,Posaconazole,100 mg,Tablet,Posoxil,',Antivirals,Anti-Infectives,https://www.newlifeimpex.com/antiviral-drugs.html#posaconazole-posoxil-100-mg-tablet
Poxet 30 Tablets Dapoxetine 30mg,140,Strip,Strips,Dapoxetine,30 mg,Tablet,Poxet 30,Sunrise,Men's Health & Erectile Dysfunction,Men's Health,https://www.newlifeimpex.com/mens-health-erectile-dysfunction-drugs.html#poxet-30-tablets-dapoxetine-30mg
Practin 4 Mg Tablet,41,Strip,1 X 10,',4 mg,Tablet,PRACTIN,',Anti-Allergy,Allergy & Immunology,https://www.newlifeimpex.com/anti-allergy-medicines.html#practin-4-mg-tablet
Pramipexole Pimapexole 1 Mg Tablet,236,Strip,1*10 Tablets / Strips,Pramipexole,1 mg,Tablet,Pamipaxole tablet,Steris,Neurological & Psychiatric,Mental Health & Neurology,https://www.newlifeimpex.com/parkinsons-disease-schizophrenia-medicine.html#pramipexole-pimapexole-1-mg-tablet
Pramipexole Pramirol SR 0.52 Mg Tablet,225,Strip,1*10 Tablets / Strips,Pramipexole,0.52 mg,Tablet,Pramirol,Intas,Neurological & Psychiatric,Mental Health & Neurology,https://www.newlifeimpex.com/parkinsons-disease-schizophrenia-medicine.html#pramipexole-pramirol-sr-0-52-mg-tablet
Pramipexole Pramistar 0.5 Mg Tablet,120,Strip,1*10 Tablets / Strips,Pramipexole,0.5 mg,Tablet,Pramistar 0.5 mg tablets,',Neurological & Psychiatric,Mental Health & Neurology,https://www.newlifeimpex.com/parkinsons-disease-schizophrenia-medicine.html#pramipexole-pramistar-0-5-mg-tablet
Prazocin XL 2.5 mg tablets,125,Strip,1*15 Tablet / Strips,Prazosin,2.5 mg,Tablet,Prazocin,',Anti-Cancer,Oncology,https://www.newlifeimpex.com/anti-cancer-medicines.html#prazocin-xl-2-5-mg-tablets
Prazopress Xl 5 Tablet,525,Strip,1*10 Tablet / Strips,Prazosin,Prazocin · 5 mg,Tablet,PRAZOPRESS XL 5,Sun Pharma,"Heart, Cholesterol & Hypertension",Cardiovascular,https://www.newlifeimpex.com/heart-health-cholesterol-hypertension-medicine.html#prazopress-xl-5-tablet
Pred forte Prednisolone (1% w/v) drop,62,Bottle,10 ml,Prednisolone,',Drops,Pred forte drop,',Eye Drops,Ophthalmology,https://www.newlifeimpex.com/eye-drops.html#pred-forte-prednisolone-1-w-v-drop
Predmet 16 Methylprednisolone Tablets,100,Strip,10 TABLETS,Methylprednisolone; Prednisolone,METHYL PREDNISOLONE · 16 MG,Tablet,',',Anti-Allergy,Allergy & Immunology,https://www.newlifeimpex.com/anti-allergy-medicines.html#predmet-16-methylprednisolone-tablets
Prilox Lignocain And Prilocane 30 Gm Cream,800,Tube,30 Gram / Tube,',',"Cream, gel, lotion",Prilox,',Skin Care,Dermatology & Hair,https://www.newlifeimpex.com/skin-care-medicine.html#prilox-lignocain-and-prilocane-30-gm-cream
Primox Nortriptyline Tablets,30,Strip,1'*10 / Stripe,Nortriptyline,Nortriptyline (25mg) · 25 mg,Tablet,Primox,',Generic & Uncategorized,Other,https://www.newlifeimpex.com/generic-medicine.html#primox-nortriptyline-tablets
Proluton Depot 500 Injection,448,Vial,Per vial in a pack / Vial,',500 mg,Injection,',',Infertility & Women’s Health,Women's Health,https://www.newlifeimpex.com/infertility-medicine-and-womens-health.html#proluton-depot-500-injection
Proscalpin Finasteride Tablets,54,Strip,10*10 Tablets / box,Finasteride,Finasteride · 1 mg,Tablet,Proscalpin,',Hair Care & Growth,Dermatology & Hair,https://www.newlifeimpex.com/hair-care-hair-growth-medicines.html#proscalpin-finasteride-tablets
prostabliss Ayurveda tablets,1500,Strip,10 tablets,',Herbal,Tablet,Prostabliss,',Ayurvedic & Herbal,Other,https://www.newlifeimpex.com/ayurvedic-medicines.html#prostabliss-ayurveda-tablets
Prota 50mg Injection,49,Vial,5X5 ml Vials,',50 mg/ 5 ml,Injection,Prota injection,',Generic & Uncategorized,Other,https://www.newlifeimpex.com/generic-products.html#prota-50mg-injection
Provironum Mesterolone (25mg) tablets,542,Strip,Blister strip (aluminium/PVC),Mesterolone,',Tablet,PROVIRINUM,',Infertility & Women’s Health,Women's Health,https://www.newlifeimpex.com/infertility-medicine-and-womens-health.html#provironum-mesterolone-25mg-tablets
Prucalopride 1mg Pruease Tablets,209,Strip,1*10 Tablets / Strips,Prucalopride,1 mg,Tablet,Pruease,',Generic & Uncategorized,Other,https://www.newlifeimpex.com/generic-medicine.html#prucalopride-1mg-pruease-tablets
Prucalopride 2 Mg Tablet PRUCALP,125,Strip,1*10 Tablets / Strips,Prucalopride,2 mg,Tablet,PRUCALP,Prevego,Generic & Uncategorized,Other,https://www.newlifeimpex.com/generic-products.html#prucalopride-2-mg-tablet-prucalp
Prucapride 2mg Tablet,250,Strip,1*10 Tablets / Strips,Prucalopride,Prucalopride · 2 mg,Tablet,Prucapride 2,Care Formulation Labe,Generic & Uncategorized,Other,https://www.newlifeimpex.com/generic-products.html#prucapride-2mg-tablet
Pruease 2mg Tablets,359,Strip,STRIP OF 10 TABLETS / Strips,Prucalopride,Prucalopride 2mg · 2 mg,Tablet,Pruease 2mg,Sun Pharmaceutical Industries Ltd,Generic & Uncategorized,Other,https://www.newlifeimpex.com/generic-medicine.html#pruease-2mg-tablets
Pth 30 Cinacalcet Tablet,977,Strip,1X10 Tablets,',Hydrochloride · 30 mg,Tablet,PTH,',Thyroid,Metabolic & Endocrine,https://www.newlifeimpex.com/thyroid-medicine.html#pth-30-cinacalcet-tablet
Puretrig 5000 Iu Injection,480,Piece,Vial,',5000iu,Injection,Puretrig 5000 IU,Gufic,Infertility & Women’s Health,Women's Health,https://www.newlifeimpex.com/infertility-medicine-and-womens-health.html#puretrig-5000-iu-injection
Puretrig 5000 IU PFS Injection,500,Vial,Singaal vial in a box,',5000iu,Injection,Puretrig 5000 IU PFS,Gufic,Infertility & Women’s Health,Women's Health,https://www.newlifeimpex.com/infertility-medicine-and-womens-health.html#puretrig-5000-iu-pfs-injection
Pyridostigmine Pridost 60 mg Tablets,130,Box,10 Tablets,',60 mg,Tablet,Pridost 60 mg,Healing pharma,Generic & Uncategorized,Other,https://www.newlifeimpex.com/generic-products.html#pyridostigmine-pridost-60-mg-tablets
R Hucog 6500 Iu Injection,1000,Vial,Singal vial,',6500 iu,Injection,r-HUCOG,Bharat serum,Infertility & Women’s Health,Women's Health,https://www.newlifeimpex.com/infertility-medicine-and-womens-health.html#r-hucog-6500-iu-injection
Rabies Chirorab Injection,285,Box,1 ml,Rabies,',Injection,Chirorab,Chiron Behring,Antivirals,Anti-Infectives,https://www.newlifeimpex.com/antiviral-drugs.html#rabies-chirorab-injection
Rasalact Rasagiline (1mg) tablets,202,Strip,10 Tablets / Strip,Rasagiline,1 mg,Tablet,Rasalact 1 mg,',Neurological & Psychiatric,Mental Health & Neurology,https://www.newlifeimpex.com/parkinsons-disease-schizophrenia-medicine.html#rasalact-rasagiline-1mg-tablets
Rasalect Rasagiline (0.5mg) tablets,128,Strip,10 Tablets / Strip,Rasagiline,0.5 mg,Tablet,',',Neurological & Psychiatric,Mental Health & Neurology,https://www.newlifeimpex.com/parkinsons-disease-schizophrenia-medicine.html#rasalect-rasagiline-0-5mg-tablets
Reditux Rituximab 500 Mg Injection,37675,Vial,Vial,Rituximab,500 mg,Injection,REDITUX,Dr. Reddy'S,Anti-Cancer,Oncology,https://www.newlifeimpex.com/anti-cancer-medicines.html#reditux-rituximab-500-mg-injection
Relbovin Vinorelbine 50 mg Injection,4700,Vial,5 ml,',50 mg,Injection,',',Anti-Cancer,Oncology,https://www.newlifeimpex.com/anti-cancer-medicines.html#relbovin-vinorelbine-50-mg-injection
Renerve Plus Softgel Capsules,320,Strip,1*15 / Stripe,',',Capsule,Renerve plus,Eris,Generic & Uncategorized,Other,https://www.newlifeimpex.com/generic-products.html#renerve-plus-softgel-capsules
Renocel 10000 Iu Injection Recombinant Human Erythropoitetin Alfa,800,Piece,',Erythropoietin,Erythropoitetin · 10000 IU,Injection,Renocel,',Anemia,Hematology,https://www.newlifeimpex.com/anemia-medicine.html#renocel-10000-iu-injection-recombinant-human-erythropoitetin-alfa
Repaglinide Hirepa 1 mg Tablets,126,Strip,30 tablets in a box / Stripe,Repaglinide,1 mg,Tablet,Hirepa 1 mg,',Weight Loss & Anti-Diabetic,Metabolic & Endocrine,https://www.newlifeimpex.com/weight-loss-and-anti-diabetic-medicine.html#repaglinide-hirepa-1-mg-tablets
Reprosate Acamprosate (333mg) tablets,118,Strip,10*6 Tablets,Acamprosate,333 mg,Tablet,Reprosate tablets,',De-Addiction,Mental Health & Neurology,https://www.newlifeimpex.com/de-addiction-medicine.html#reprosate-acamprosate-333mg-tablets
Restasis Cyclosporine Eye Drops,2555,Piece,0.4 ml / Box,Cyclosporine,0.4,Drops,Allergan India PVT LTD,',Eye Drops,Ophthalmology,https://www.newlifeimpex.com/eye-drops.html#restasis-cyclosporine-eye-drops
Retesto Injection Leeford,150,Vial,1 ML,Testosterone,TESTOSTERONE · 250 mg,Injection,Retesto Injection,',Testosterone & Steroids,Men's Health,https://www.newlifeimpex.com/testosterone-and-steroids.html#retesto-injection-leeford
Retreat Forte Minoxidil And Finasteride Topical Solution,480,Bottle,60 ml,Minoxidil; Finasteride,MINOXIDIL AND FINASTERIDE · 5% w/v,Syrup or liquid,RETREAT FORTE,',Hair Care & Growth,Dermatology & Hair,https://www.newlifeimpex.com/hair-care-hair-growth-medicines.html#retreat-forte-minoxidil-and-finasteride-topical-solution
Rexipra Escitalopram Oxalate (5mg) tablets,54,Strip,5*2*10 Tablets,Escitalopram,Escitalopram Oxalate · 5 mg,Tablet,Rexipra 5 mg,Intas,Anti-Anxiety & Depression,Mental Health & Neurology,https://www.newlifeimpex.com/anti-depressant-and-anit-anxiety.html#rexipra-escitalopram-oxalate-5mg-tablets
Ribnoid Ribavirin 200 Mg Capsules,600,Box,Strips,',Ribavirin 200 Mg · 200 mg,Capsule,Ribnoid,Johnlee,Anti-Cancer,Oncology,https://www.newlifeimpex.com/anti-cancer-medicines.html#ribnoid-ribavirin-200-mg-capsules
Richova Sr tablets,450,Strip,Strip of 7 tablets,',75 mg,Tablet,Richova SR,Lupin,Men's Health & Erectile Dysfunction,Men's Health,https://www.newlifeimpex.com/mens-health-erectile-dysfunction-drugs.html#richova-sr-tablets
Ricovir Em Tablets,1000,Bottle,30 Tablets / Bottle,Emtricitabine; Tenofovir,Emtricitabine 200 mg + Tenofovir 300 mg,Tablet,',',Anti-HIV,Anti-Infectives,https://www.newlifeimpex.com/anti-hiv-medicine.html#ricovir-em-tablets
Riocigut Rioci 0.5 mg tablet,260,Strip,100 tablet in box / Blister pack,Riociguat,Riociguat 0.5 mg · 0.5 mg,Tablet,',',"Heart, Cholesterol & Hypertension",Cardiovascular,https://www.newlifeimpex.com/heart-health-cholesterol-hypertension-medicine.html#riocigut-rioci-0-5-mg-tablet
Rizatriptan 10 Mg Tablets Rizatop,490,Strip,10 tablets / Strip,Rizatriptan,10 mg,Tablet,Rizatop 10 mg,Healing Pharma,Migraine & Headache,Mental Health & Neurology,https://www.newlifeimpex.com/migraine-and-headache-medicines.html#rizatriptan-10-mg-tablets-rizatop
Roferon A Interferon Alfa 2a Injection,1000,Piece,',',interferon · 50 mcg,Injection,Roferon,',Anti-Cancer,Oncology,https://www.newlifeimpex.com/anti-cancer-drugs.html#roferon-a-interferon-alfa-2a-injection
Roliten OD Tolterodine (4mg) capsules,399,Strip,Strips,',4 mg,Capsule,Roliten OD 4 mg capsules,',Generic & Uncategorized,Other,https://www.newlifeimpex.com/generic-medicine.html#roliten-od-tolterodine-4mg-capsules
Romy 500 Injection,4500,Vial,',',500 mcg,Injection,Intas,Intas,Generic & Uncategorized,Other,https://www.newlifeimpex.com/generic-products.html#romy-500-injection
Roseday EZ tablet,305,Strip,Stipe,',10/10,Tablet,Roseday EZ,Usv,"Heart, Cholesterol & Hypertension",Cardiovascular,https://www.newlifeimpex.com/heart-health-cholesterol-hypertension-medicine.html#roseday-ez-tablet
Rosu-HDL Rosuvastetine 20 mg tablets,100,Strip,1*10 Tablets / Stripe,Rosuvastatin,20mg,Tablet,',Dr Morpen,"Heart, Cholesterol & Hypertension",Cardiovascular,https://www.newlifeimpex.com/heart-health-cholesterol-hypertension-medicine.html#rosu-hdl-rosuvastetine-20-mg-tablets
Rosuvas 10 Mg,260,Strip,15 TABLETS / Stipe,Rosuvastatin,ROSUVASTIN 10 MG · 10mg,Tablet,ROSUVAS,Sun Pharmaceutical Industries Ltd,"Heart, Cholesterol & Hypertension",Cardiovascular,https://www.newlifeimpex.com/heart-health-cholesterol-hypertension-medicine.html#rosuvas-10-mg
Rosuvastatin Rosubest 10mg Tablets,85,Strip,1*10 Tablets / Stripe,Rosuvastatin,10mg,Tablet,',',"Heart, Cholesterol & Hypertension",Cardiovascular,https://www.newlifeimpex.com/heart-health-cholesterol-hypertension-medicine.html#rosuvastatin-rosubest-10mg-tablets
Rosuvastatin Rosuvas 5 mg Tablets,210,Strip,1*15 Tablets / Stripe,Rosuvastatin,5mg,Tablet,',',"Heart, Cholesterol & Hypertension",Cardiovascular,https://www.newlifeimpex.com/heart-health-cholesterol-hypertension-medicine.html#rosuvastatin-rosuvas-5-mg-tablets
Rupacet Rupatidine Tablets,90,Strip,10*10 Tablets,',10 mg,Tablet,Rupacet,Leeford,Anti-Allergy,Allergy & Immunology,https://www.newlifeimpex.com/anti-allergy-medicines.html#rupacet-rupatidine-tablets
Rupanex 10 Mg Tablet,170,Strip,10*10 Tablets,',10 mg,Tablet,:Rupanex,',Anti-Allergy,Allergy & Immunology,https://www.newlifeimpex.com/anti-allergy-medicines.html#rupanex-10-mg-tablet
Rybelsus 7mg Semaglutide Tablets,3300,Strip,10 tablets,Semaglutide,7 mg,Tablet,Rybelsus,',Weight Loss & Anti-Diabetic,Metabolic & Endocrine,https://www.newlifeimpex.com/weight-loss-and-anti-diabetic-medicine.html#rybelsus-7mg-semaglutide-tablets
Rybelsus Semaglutide 3 Mg tablets,3000,Strip,10 tablets,Semaglutide,3 mg,Tablet,Rybelsus,',Weight Loss & Anti-Diabetic,Metabolic & Endocrine,https://www.newlifeimpex.com/weight-loss-and-anti-diabetic-medicine.html#rybelsus-semaglutide-3-mg-tablets
Rybelsus Semaglutide Tablets 14mg,3700,Strip,10 tablets,Semaglutide,14 mg,Tablet,Rybelsus,',Weight Loss & Anti-Diabetic,Metabolic & Endocrine,https://www.newlifeimpex.com/weight-loss-and-anti-diabetic-medicine.html#rybelsus-semaglutide-tablets-14mg
Saaz Sulfasalazine Tablet,69,Box,1 x 10,Sulfasalazine,500 mg,Tablet,Saaz,Ipca Laboratories Ltd,Pain Killers,Pain & Musculoskeletal,https://www.newlifeimpex.com/pain-killer-medicines.html#saaz-sulfasalazine-tablet
Sacufox V 50 tablets,300,Strip,2*14 Tablets / Strip,',24/26,Tablet,',',"Heart, Cholesterol & Hypertension",Cardiovascular,https://www.newlifeimpex.com/heart-health-cholesterol-hypertension-medicine.html#sacufox-v-50-tablets
Safinamide 100 mg Tablet Xafinact,270,Box,10 tablets / Strip,',100mg,Tablet,Xafinact 100 mg,',Neurological & Psychiatric,Mental Health & Neurology,https://www.newlifeimpex.com/parkinsons-disease-schizophrenia-medicine.html#safinamide-100-mg-tablet-xafinact
Salicylic Acid Ear Cleanser Epiotic,145,Piece,50 gm / Box,',',Syrup or liquid,Epiotic,Virbac,Veterinary,Veterinary,https://www.newlifeimpex.com/veterinary-medicine.html#salicylic-acid-ear-cleanser-epiotic
Santia Met Sitagliptin And Metformin,415,Strip,1*10 Tablets / Strip,Sitagliptin; Metformin,1000 mg,Injection,Santia met 1000,Elder,Weight Loss & Anti-Diabetic,Metabolic & Endocrine,https://www.newlifeimpex.com/weight-loss-and-anti-diabetic-medicine.html#santia-met-sitagliptin-and-metformin
Savavet Fiprofort Plus Spot Dogs,460,Piece,1 pipette X 2.68 ml / Box,',',Syrup or liquid,',Savavet,Veterinary,Veterinary,https://www.newlifeimpex.com/veterinary-medicine.html#savavet-fiprofort-plus-spot-dogs
Selamectin 6 Liquid For Cat Redicate,475,Box,0.75 ML / Tube,Selamectin,SELAMECTIN 6%,Syrup or liquid,Radicate (Cats),Veko,Veterinary,Veterinary,https://www.newlifeimpex.com/veterinary-medicine.html#selamectin-6-liquid-for-cat-redicate
Selgin Selegiline Hydrochloride Tablets,94,Strip,10 x 10 tab,Selegiline,5 mg,Tablet,Selgin,',Neurological & Psychiatric,Mental Health & Neurology,https://www.newlifeimpex.com/parkinsons-disease-schizophrenia-medicine.html#selgin-selegiline-hydrochloride-tablets
Semaglutide 0.25 mg Injection Wegovy pen,10850,Strip,Prefilled Pen,Semaglutide,0.25 mg,Injection,Wegovy Inj,',Weight Loss & Anti-Diabetic,Metabolic & Endocrine,https://www.newlifeimpex.com/weight-loss-and-anti-diabetic-medicine.html#semaglutide-0-25-mg-injection-wegovy-pen
Seroflo 250 Rotacaps,391,Bottle,',Salmeterol; Fluticasone,Salmeterol and Fluticasone,Tablet,Seroflo,Cipla,COPD & Asthma,Respiratory,https://www.newlifeimpex.com/copd-asthma-inhalers-and-medicines.html#seroflo-250-rotacaps
Seroflo Inhaler 125,599,Piece,',Salmeterol; Fluticasone,Salmeterol (25mcg) + Fluticasone Propionate (125mcg),Spray or inhaler,SEROFLO,',COPD & Asthma,Respiratory,https://www.newlifeimpex.com/copd-asthma-inhalers-and-medicines.html#seroflo-inhaler-125
Seroquit Quetiapine (100mg) tablets,80,Strip,100 tablets in a box / Strip,Quetiapine,100 mg,Tablet,Seroquit 100 mg,',Anti-Anxiety & Depression,Mental Health & Neurology,https://www.newlifeimpex.com/anti-depressant-and-anit-anxiety.html#seroquit-quetiapine-100mg-tablets
Shytomel 100 Mcg Levothyroxine Tablets,1000,Bottle,100 Tablets / Bottle,Levothyroxine; Thyroxine,100 mcg,Tablet,Shytomel,Kachhela,Thyroid,Metabolic & Endocrine,https://www.newlifeimpex.com/thyroid-medicine.html#shytomel-100-mcg-levothyroxine-tablets
Shytomel 5 Mcg Liothyronine Tablets,700,Bottle,100 Tablets / Bottle,Liothyronine,5 mcg,Tablet,Shytomel 5 mcg,',Thyroid,Metabolic & Endocrine,https://www.newlifeimpex.com/thyroid-medicine.html#shytomel-5-mcg-liothyronine-tablets
Shytomel Duo 47 Tablets,800,Bottle,100 tablets,',47 mcg,Tablet,Shytomel duo 47,Kachhela,Thyroid,Metabolic & Endocrine,https://www.newlifeimpex.com/thyroid-medicine.html#shytomel-duo-47-tablets
Sicriptin Bromocriptine Tablet,270,Strip,1*10 Tablets / Strip,Bromocriptine,2.5 mg,Tablet,SICRIPTIN,Serum,Infertility & Women’s Health,Women's Health,https://www.newlifeimpex.com/infertility-medicine-and-womens-health.html#sicriptin-bromocriptine-tablet
Sifasi 10000iu Injection,930,Pack,Vial,',10000iu,Injection,SIFASI 10000,Serum Institute Of India Ltd,Infertility & Women’s Health,Women's Health,https://www.newlifeimpex.com/infertility-medicine-and-womens-health.html#sifasi-10000iu-injection
Sifasi Aqua 5000 Iu Injection,438,Vial,box,',5000iu,Injection,Sifasi 5000 aqua,Serum,Anti-Cancer,Oncology,https://www.newlifeimpex.com/anti-cancer-medicines.html#sifasi-aqua-5000-iu-injection
Signature Cefyxim Dt 200 Cefixime Dispersible Tablets,108,Strip,1*10 / Strip,Cefixime,200mg,Tablet,',',Antibiotics,Anti-Infectives,https://www.newlifeimpex.com/antibiotic-medicines.html#signature-cefyxim-dt-200-cefixime-dispersible-tablets
Sigpecia Finasteride 1mg Tablet,60,Strip,10*10 Tablets / strip,Finasteride,1 mg,Tablet,Sigpecia,Signature,Hair Care & Growth,Dermatology & Hair,https://www.newlifeimpex.com/hair-care-hair-growth-medicines.html#sigpecia-finasteride-1mg-tablet
Sildasafe 100 Mg Tablet,60,Strip,10 Tablets / Box,Sildenafil,SILDAFIL · 100 mg,Tablet,Sildasafe,',Men's Health & Erectile Dysfunction,Men's Health,https://www.newlifeimpex.com/erectile-dysfunction-medicine.html#sildasafe-100-mg-tablet
Sildenafil & Dapoxetine Super Kamagra jelly,332,Pack,7 SACHETS / BOX / Pouch,Sildenafil; Dapoxetine,SILDENAFIL + DAPOXETINE,Syrup or liquid,SUPER KAMAGRA JELLY,Ajanta,Men's Health & Erectile Dysfunction,Men's Health,https://www.newlifeimpex.com/erectile-dysfunction-medicine.html#sildenafil-dapoxetine-super-kamagra-jelly
Sildenafil + Tadalafil Sildalist Tablet,75,Strip,10 Tablets / Strip,Sildenafil; Tadalafil,100+20,Tablet,Sildalist 120 tablets,',Men's Health & Erectile Dysfunction,Men's Health,https://www.newlifeimpex.com/mens-health-erectile-dysfunction-drugs.html#sildenafil-tadalafil-sildalist-tablet
Sildenafil and Fluoxetine Malegra-FXT tablets,100,Strip,10 Tablets / Strip,Sildenafil; Fluoxetine,Sildenafil and fluoxetine · 100/40,Tablet,',',Men's Health & Erectile Dysfunction,Men's Health,https://www.newlifeimpex.com/mens-health-erectile-dysfunction-drugs.html#sildenafil-and-fluoxetine-malegra-fxt-tablets
Sildenafil Cenforce Gold 100 Mg Tablet,80,Box,10 tablets / Blister Pack,Sildenafil,Sildenafil · 100 mg,Tablet,Other Brand,Centurion Labs,Generic & Uncategorized,Other,https://www.newlifeimpex.com/pharmaceutical-tablet.html#sildenafil-cenforce-gold-100-mg-tablet
Sildenafil Citrate Tablets,192,Box,4 Tablets / Box,Sildenafil,100mg,Tablet,',',Men's Health & Erectile Dysfunction,Men's Health,https://www.newlifeimpex.com/erectile-dysfunction-medicine.html#sildenafil-citrate-tablets
Sildenafil Cobra 200 mg tablet,50,Strip,6 Tablets / Strip,Sildenafil,200 mg,Tablet,Cobra 200,Research,Men's Health & Erectile Dysfunction,Men's Health,https://www.newlifeimpex.com/mens-health-erectile-dysfunction-drugs.html#sildenafil-cobra-200-mg-tablet
Sildenafil Malegra 200 mg tablets,50,Strip,10 Tablets / Strip,Sildenafil,200mg,Tablet,',',Men's Health & Erectile Dysfunction,Men's Health,https://www.newlifeimpex.com/mens-health-erectile-dysfunction-drugs.html#sildenafil-malegra-200-mg-tablets
Sildenafil Malegra 50 mg tablets,30,Strip,10 Tablets / Strip,Sildenafil,Sildenafil 50 mg tablets · 50mg,Tablet,',',Men's Health & Erectile Dysfunction,Men's Health,https://www.newlifeimpex.com/mens-health-erectile-dysfunction-drugs.html#sildenafil-malegra-50-mg-tablets
Sildenafil Siljuv 100mg,150,Strip,10 Tablets,Sildenafil,SILDENAFIL · 100 mg,Tablet,SILJUV,Juvnor,Men's Health & Erectile Dysfunction,Men's Health,https://www.newlifeimpex.com/erectile-dysfunction-medicine.html#sildenafil-siljuv-100mg
Sildenafil Zeagra 100 mg tablets,50,Strip,4 Tablets / Strip,Sildenafil,100 mg,Tablet,Zeagra,Zee labs,Men's Health & Erectile Dysfunction,Men's Health,https://www.newlifeimpex.com/mens-health-erectile-dysfunction-drugs.html#sildenafil-zeagra-100-mg-tablets
Silditop 100mg Tablets,80,Strip,Box,',100 mg,Tablet,SILDITOP 100,Healing Pharma,Men's Health & Erectile Dysfunction,Men's Health,https://www.newlifeimpex.com/mens-health-erectile-dysfunction-drugs.html#silditop-100mg-tablets
Sim HDL 40 Mg Tablets,100,Strip,1*10 Tablets / Strip,',40 mg,Tablet,Sim hdl,Dr Morpene,"Heart, Cholesterol & Hypertension",Cardiovascular,https://www.newlifeimpex.com/heart-health-cholesterol-hypertension-medicine.html#sim-hdl-40-mg-tablets
Simparica Trio 40kg - 60kg Tablet,2555,Strip,',Sarolaner,Sarolaner,Tablet,Simparica Trio 40-60kg,Zoetis,Veterinary,Veterinary,https://www.newlifeimpex.com/veterinary-medicine.html#simparica-trio-40kg-60kg-tablet
Simparica Trio Sarolaner Tablet,2200,Box,3 Tablets / Box,Sarolaner,Sarolaner,Tablet,Simparica Trio,',Veterinary,Veterinary,https://www.newlifeimpex.com/veterinary-medicine.html#simparica-trio-sarolaner-tablet
Simparica Trio Tablet,2200,Box,',Sarolaner; Pyrantel,Sarolaner + Moxidectin + Pyrantel pamoate,Tablet,Simparica Trio,Zoetis,Veterinary,Veterinary,https://www.newlifeimpex.com/veterinary-medicine.html#simparica-trio-tablet
Sitagliptin Januvia 50mg Tablet,271,Strip,7 tablets,Sitagliptin,Sitagliptin · 50 mg,Tablet,Januvia,',Generic & Uncategorized,Other,https://www.newlifeimpex.com/pharmaceutical-tablet.html#sitagliptin-januvia-50mg-tablet
Sizopin Clozapine (25mg) tablets,30,Strip,',Clozapine,25 mg,Tablet,',',Neurological & Psychiatric,Mental Health & Neurology,https://www.newlifeimpex.com/parkinsons-disease-schizophrenia-medicine.html#sizopin-clozapine-25mg-tablets
Skinlite Cream 25g,270,Tube,25 gm / Tube,',',"Cream, gel, lotion",Skinlite cream,Zydus liva,Skin Care,Dermatology & Hair,https://www.newlifeimpex.com/skin-care-medicine.html#skinlite-cream-25g
Skinshine 30 gm cream,150,Piece,30gm,',',"Cream, gel, lotion",Skinshine cream,Cadila,Skin Care,Dermatology & Hair,https://www.newlifeimpex.com/skin-care-products.html#skinshine-30-gm-cream
Skinshine Cream 15gm,80,Piece,15 gm / Tube,',',"Cream, gel, lotion",cadila,',Skin Care,Dermatology & Hair,https://www.newlifeimpex.com/skin-care-medicine.html#skinshine-cream-15gm
Sletral Sertraline (200mg) tablets,200,Strip,',Sertraline,200 mg,Tablet,Sletral 200 mg,',Anti-Anxiety & Depression,Mental Health & Neurology,https://www.newlifeimpex.com/anti-anxiety-and-depression-medicine.html#sletral-sertraline-200mg-tablets
Slim Trim Orlistat Capsules,240,Pack,Box,Orlistat,ORLISTATE,Capsule,SLIMTRIM,',Weight Loss & Anti-Diabetic,Metabolic & Endocrine,https://www.newlifeimpex.com/weight-loss-and-anti-diabetic-medicine.html#slim-trim-orlistat-capsules
Snozzy Melatonin 20 mg tablets,100,Strip,100 tablets,Melatonin,20 mg,Tablet,Snozzy 20 mg,',Anemia,Hematology,https://www.newlifeimpex.com/anemia-medicine.html#snozzy-melatonin-20-mg-tablets
Sobisis 500 Mg Tablets,55,Strip,1*10 Tablets / Box,',Sodium Bicarbonate 500mg · 500 mg,Tablet,Sobisis,',Generic & Uncategorized,Other,https://www.newlifeimpex.com/generic-medicine.html#sobisis-500-mg-tablets
Sodabicarb Sodium Carbonate 25ml Injection,100,Vial,25 ml / Vial,',8.4 %,Injection,Sodabicarbonate,Samarth,Generic & Uncategorized,Other,https://www.newlifeimpex.com/generic-products.html#sodabicarb-sodium-carbonate-25ml-injection
Sodium Valproate Encorate 300 mg Tablet,50,Strip,',Valproate,300 mg,Tablet,Encorate,Sun pharma,Generic & Uncategorized,Other,https://www.newlifeimpex.com/generic-products.html#sodium-valproate-encorate-300-mg-tablet
Somatropin Injection Headon,1094,Vial,',Somatropin,4 iu,Injection,Somatropin,',Infertility & Women’s Health,Women's Health,https://www.newlifeimpex.com/infertility-medicine-and-womens-health.html#somatropin-injection-headon
Somatropin Shreetropin 10 IU injection,1800,Vial,5 vial in a box / Vial,Somatropin,10 mg,Injection,Shreetropin,',Infertility & Women’s Health,Women's Health,https://www.newlifeimpex.com/infertility-medicine-and-womens-health.html#somatropin-shreetropin-10-iu-injection
Somatropin Somatto 10mg Injection,1600,Vial,1 vial,Somatropin,10 IU,Injection,Somatto,',Anti-Cancer,Oncology,https://www.newlifeimpex.com/anti-cancer-medicines.html#somatropin-somatto-10mg-injection
Sotret NF 16 MG,351,Strip,1 x 10 capsules / Blister,',16 mg,Capsule,Isotroin,',Skin Care,Dermatology & Hair,https://www.newlifeimpex.com/skin-care-products.html#sotret-nf-16-mg
Spironolactone Spyrro 100 mg tablets,90,Strip,1*10 Tablets / Strip,Spironolactone,100 mg,Tablet,Spyrro,Kachela,"Heart, Cholesterol & Hypertension",Cardiovascular,https://www.newlifeimpex.com/heart-health-cholesterol-hypertension-medicine.html#spironolactone-spyrro-100-mg-tablets
Sporidex Cephalexin Oral Suspension,96,Bottle,Box,Cephalexin,125 mg,Syrup or liquid,SPORIDOX,Sun Pharmaceuticals,Antibiotics,Anti-Infectives,https://www.newlifeimpex.com/antibiotic-medicines.html#sporidex-cephalexin-oral-suspension
Stanozolol Stazol 10mg Tablet,440,Box,10 Units / Strip,Stanozolol,10 mg,Tablet,',',Generic & Uncategorized,Other,https://www.newlifeimpex.com/pharmaceutical-tablet.html#stanozolol-stazol-10mg-tablet
Strosun Anastrozole 1mg Tablet,440,Strip,1*10 Tablets / Stripe,Anastrozole,1 mg,Tablet,STROSUN 1 MG,Sunrise,Anti-Cancer,Oncology,https://www.newlifeimpex.com/anti-cancer-medicines.html#strosun-anastrozole-1mg-tablet
Stud 5000 Delay Spray,120,Piece,Carton,',',Spray or inhaler,Studs,',Men's Health & Erectile Dysfunction,Men's Health,https://www.newlifeimpex.com/mens-health-erectile-dysfunction-drugs.html#stud-5000-delay-spray
Suhagra 100 Mg Tablets,160,Strip,4 Tablets / Stripe,',100 mg,Tablet,',Cipla,Men's Health & Erectile Dysfunction,Men's Health,https://www.newlifeimpex.com/mens-health-erectile-dysfunction-drugs.html#suhagra-100-mg-tablets
Suitinib 25 Mg Sutenamo Capsules,2500,Box,',',25 mg,Capsule,',',Anti-Cancer,Oncology,https://www.newlifeimpex.com/anti-cancer-drugs.html#suitinib-25-mg-sutenamo-capsules
Sulpitez Amisulpride (100mg) tablets,150,Strip,10 tablets,',100 mg,Tablet,Sulpitez 100,',Generic & Uncategorized,Other,https://www.newlifeimpex.com/generic-products.html#sulpitez-amisulpride-100mg-tablets
Sulsazine Sulfasalazine (500mg) tablets,54,Box,100 Tablets,Sulfasalazine,500 mg,Tablet,Sulsazine 500 mg tablets,',Pain Killers,Pain & Musculoskeletal,https://www.newlifeimpex.com/pain-killer-medicines.html#sulsazine-sulfasalazine-500mg-tablets
Suminat 25 Mg Tablets,42,Strip,1 tablets / Blister,Sumatriptan,Sumatriptan (25mg) · 25 mg,Tablet,SUMINAT,',Pain Killers,Pain & Musculoskeletal,https://www.newlifeimpex.com/pain-killer-medicines.html#suminat-25-mg-tablets
Sumitop 50mg Tablets,350,Strip,10 tablets / Strip,Sumatriptan,Sumatriptan (50mg) · 50 mg,Tablet,SUMITOP 50,',Pain Killers,Pain & Musculoskeletal,https://www.newlifeimpex.com/pain-killer-medicines.html#sumitop-50mg-tablets
Sun Pharma Cardivas 3.125mg Tablet,37,Strip,5*2*10,Carvedilol,Carvidilol · 3.125 mg,Tablet,Carvidas,Sun Pharmaceutical Industries Ltd,Generic & Uncategorized,Other,https://www.newlifeimpex.com/generic-medicine.html#sun-pharma-cardivas-3-125mg-tablet
Sun Pharmaceutical Flexura D Tablet,130,Strip,10*10 Tablets / Box,Metaxalone; Diclofenac,Metaxalone 400mg + Diclofenac 50mg,Tablet,Flexura D,',Antibiotics,Anti-Infectives,https://www.newlifeimpex.com/antibiotic-medicines.html#sun-pharmaceutical-flexura-d-tablet
Suncros Sunscreen Lotion SPF 26,460,Bottle,100 mL,',',"Cream, gel, lotion",suncros,',Skin Care,Dermatology & Hair,https://www.newlifeimpex.com/skin-care-products.html#suncros-sunscreen-lotion-spf-26
Sunstop 30 Lotion,430,Piece,60 gm / Tube,',',"Cream, gel, lotion",Sunstop 30,',Skin Care,Dermatology & Hair,https://www.newlifeimpex.com/skin-care-medicine.html#sunstop-30-lotion
Supatret 0.04 Gel,315,Piece,20 g / Tube,Tretinoin,Tretinoin 0.04% · 0.04%,"Cream, gel, lotion",Supatret 0.04,',Skin Care,Dermatology & Hair,https://www.newlifeimpex.com/skin-care-medicine.html#supatret-0-04-gel
Super Krrista Tablet,100,Strip,1*10 Tablets / Strip,',20/60,Tablet,SUPER KRRISTA,Lotus Biotech,Men's Health & Erectile Dysfunction,Men's Health,https://www.newlifeimpex.com/erectile-dysfunction-medicine.html#super-krrista-tablet
Super Tadarise Tablets,1400,Box,1*10 Tablets / Strip,',20/60,Tablet,',',Men's Health & Erectile Dysfunction,Men's Health,https://www.newlifeimpex.com/erectile-dysfunction-medicine.html#super-tadarise-tablets
Super Zudena Udenafil Dapoxetine Hydrochloride Tablets,656,Strip,1 x 5 tab / Box,Udenafil; Dapoxetine,100/60,Tablet,',',Men's Health & Erectile Dysfunction,Men's Health,https://www.newlifeimpex.com/mens-health-erectile-dysfunction-drugs.html#super-zudena-udenafil-dapoxetine-hydrochloride-tablets
Suprelorin 4.7 Mg Injection,13650,Piece,1 Injection / Box,',4.7mg,Injection,Suprelorin,Virbac,Veterinary,Veterinary,https://www.newlifeimpex.com/veterinary-medicine.html#suprelorin-4-7-mg-injection
Suwax Benzocaine Chlorbutol Paradichlorobenzene Ear Drop,65,Piece,10ML,',',Drops,SUWAX,',Eye Drops,Ophthalmology,https://www.newlifeimpex.com/eye-drops.html#suwax-benzocaine-chlorbutol-paradichlorobenzene-ear-drop
Synriam 150/750mg Tablet,257,Strip,4 Tablets / Strip,Piperaquine,Arterolane (150mg) + Piperaquine (750mg) · 62.5mg+375mg,Tablet,',',Antiparasitic & Antimalarial,Anti-Infectives,https://www.newlifeimpex.com/anti-parasitic-and-anti-malarial-medicines.html#synriam-150-750mg-tablet
Systane Ultra Eye Drops,538,Bottle,10 ml / Bottle,',Polyethylene glycol 4 mg and Propylene Glycol 3 mg,Drops,ALCON,',Eye Drops,Ophthalmology,https://www.newlifeimpex.com/eye-drops.html#systane-ultra-eye-drops
T Bact Ointment,113,Piece,5 g / Tube,Mupirocin,MUPIROCIN 2%,"Cream, gel, lotion",T-BACT,',Skin Care,Dermatology & Hair,https://www.newlifeimpex.com/skin-care-medicine.html#t-bact-ointment
T3 Cytomel Liothyronine Sodium 25 mcg,200,Box,10 tablets / Blister pack,Liothyronine,25 mcg,Tablet,T3 CYTOMEL,',Thyroid,Metabolic & Endocrine,https://www.newlifeimpex.com/thyroid-medicine.html#t3-cytomel-liothyronine-sodium-25-mcg
Tadacip 20 Mg Tablets,70,Strip,4 Tablets / Strip,Tadalafil,Tadalafil 20 mg · 20 mg,Tablet,',',Men's Health & Erectile Dysfunction,Men's Health,https://www.newlifeimpex.com/mens-health-erectile-dysfunction-drugs.html#tadacip-20-mg-tablets
Tadaga power 80 mg tablet,125,Strip,1*10 Tablets / Strip,',80 mg,Tablet,Tadaga power,',Men's Health & Erectile Dysfunction,Men's Health,https://www.newlifeimpex.com/erectile-dysfunction-medicine.html#tadaga-power-80-mg-tablet
Tadalafil Tadalista 20 Mg,200,Strip,10 Tablets / Box,Tadalafil,20 mg,Tablet,',',Men's Health & Erectile Dysfunction,Men's Health,https://www.newlifeimpex.com/erectile-dysfunction-medicine.html#tadalafil-tadalista-20-mg
Tadalafil Tastylia 10 mg Tablets,40,Strip,1*10 Tablets / Strip,Tadalafil,10 mg,Tablet,Tastylia,Healing,Men's Health & Erectile Dysfunction,Men's Health,https://www.newlifeimpex.com/mens-health-erectile-dysfunction-drugs.html#tadalafil-tastylia-10-mg-tablets
Tadalafil vidalista CT 20 mg tablet,40,Strip,1*10 Tablets / Strip,Tadalafil,Tadalafil Only · 20 mg,Tablet,Vidalista CT,Centurion,Men's Health & Erectile Dysfunction,Men's Health,https://www.newlifeimpex.com/mens-health-erectile-dysfunction-drugs.html#tadalafil-vidalista-ct-20-mg-tablet
Tadalis 10 Mg,50,Strip,10 Tablets / Strip,Tadalafil,Tadalafil 10 mg · 10 mg,Tablet,TADALIS 10,',Men's Health & Erectile Dysfunction,Men's Health,https://www.newlifeimpex.com/erectile-dysfunction-medicine.html#tadalis-10-mg
Tadalista Super Active Tadalafil Soft Gelatine Capsule,300,Strip,10 x 10 Capsules / Box,Tadalafil,Tadalafil · 20mg,Capsule,Tadalista Super Active,',Men's Health & Erectile Dysfunction,Men's Health,https://www.newlifeimpex.com/erectile-dysfunction-medicine.html#tadalista-super-active-tadalafil-soft-gelatine-capsule
Tadapox Tadalafil And Dapoxetine Tablets,180,Strip,1X10 Tablets / Strip,Tadalafil; Dapoxetine,20mg + 60mg,Tablet,Tadapox,',Men's Health & Erectile Dysfunction,Men's Health,https://www.newlifeimpex.com/mens-health-erectile-dysfunction-drugs.html#tadapox-tadalafil-and-dapoxetine-tablets
Tadarise 20 Mg,40,Strip,Strip,Tadalafil,Tadalafil 20 mg · 20 mg,Tablet,',',Men's Health & Erectile Dysfunction,Men's Health,https://www.newlifeimpex.com/erectile-dysfunction-medicine.html#tadarise-20-mg
Tadarise 40 MG,100,Strip,10 Tablets / Strip,',40mg,Tablet,',',Men's Health & Erectile Dysfunction,Men's Health,https://www.newlifeimpex.com/erectile-dysfunction-medicine.html#tadarise-40-mg
Tadarise 5 Mg Tablets,50,Strip,1X10 / Box,Tadalafil,TADALAFIL · 5mg,Tablet,TADARISE,',Men's Health & Erectile Dysfunction,Men's Health,https://www.newlifeimpex.com/erectile-dysfunction-medicine.html#tadarise-5-mg-tablets
Tadarise 60 mg,100,Strip,10 tablet in strip / Box,Tadalafil,Tadalafil · 60mg,Tablet,',',Men's Health & Erectile Dysfunction,Men's Health,https://www.newlifeimpex.com/erectile-dysfunction-medicine.html#tadarise-60-mg
Tadarise Pro 20 Mg Tablets,60,Strip,10 Tablets / Strip,Tadalafil,Tadalafil 20 mg · 20 mg,Tablet,TADARISE PRO,',Men's Health & Erectile Dysfunction,Men's Health,https://www.newlifeimpex.com/erectile-dysfunction-medicine.html#tadarise-pro-20-mg-tablets
Tadasoft tadalafil 20 mg tablets,50,Strip,10 Tablets,Tadalafil,Tadalafil Only · 20 mg,Tablet,',',Men's Health & Erectile Dysfunction,Men's Health,https://www.newlifeimpex.com/mens-health-erectile-dysfunction-drugs.html#tadasoft-tadalafil-20-mg-tablets
Tadora 20 Mg Tablet,130,Strip,4 TABLETS / Box,Tadalafil,Tadalafil · 20mg,Tablet,',',Men's Health & Erectile Dysfunction,Men's Health,https://www.newlifeimpex.com/erectile-dysfunction-medicine.html#tadora-20-mg-tablet
Tafnat 25 Mg Tenofovir Tablet,1040,Bottle,1x30Tablets / Box,Tenofovir,25 mg,Tablet,Mylan,Natco,Anti-HIV,Anti-Infectives,https://www.newlifeimpex.com/anti-hiv-medicine.html#tafnat-25-mg-tenofovir-tablet
Tafnet-em Emtricitabine And Tenofovir Alafenamide Tablets,1725,Bottle,',Emtricitabine; Tenofovir,Emtricitabine And Tenofovir · 200/25,Tablet,Tefnat-EM,',Anti-HIV,Anti-Infectives,https://www.newlifeimpex.com/anti-hiv-medicine.html#tafnet-em-emtricitabine-and-tenofovir-alafenamide-tablets
Tamilong 20 Mg,30,Strip,',Tamoxifen,TAMOXIFEN · 20 mg,Tablet,TAMILONG 20 MG,',Anti-Cancer,Oncology,https://www.newlifeimpex.com/anti-cancer-medicines.html#tamilong-20-mg
Tamodex 10 Mg Tablets,150,Strip,10 Tablets,Tamoxifen,Tamoxifen Citrate · 10 mg,Tablet,Tamodex,Zydus,Anti-Cancer,Oncology,https://www.newlifeimpex.com/anti-cancer-medicines.html#tamodex-10-mg-tablets
Tamodex Tamoxifen 20mg Tablet,35,Strip,',Tamoxifen,20 mg,Tablet,',Zydus,Anti-Cancer,Oncology,https://www.newlifeimpex.com/anti-cancer-medicines.html#tamodex-tamoxifen-20mg-tablet
Tamoxifen Citrate Mamofen 20mg Tablet,27,Strip,Strip,Tamoxifen,20 mg,Tablet,Mamofen,',Generic & Uncategorized,Other,https://www.newlifeimpex.com/pharmaceutical-tablet.html#tamoxifen-citrate-mamofen-20mg-tablet
Tamoxifen Tamofar 20mg Tablet,200,Strip,Strip,Tamoxifen,20 mg,Tablet,Tamofar,',Antivirals,Anti-Infectives,https://www.newlifeimpex.com/antiviral-drugs.html#tamoxifen-tamofar-20mg-tablet
Tastylia 20 Mg Strips,160,Pack,1*10 Tablets / Strip,Tadalafil,Tadalafil 20 mg · 20 mg,Tablet,TASTYLIA 20,Healing Pharma,Men's Health & Erectile Dysfunction,Men's Health,https://www.newlifeimpex.com/erectile-dysfunction-medicine.html#tastylia-20-mg-strips
Tazarotene Cream Tazret Forte,634,Piece,20 gm,',0.1% w/w,"Cream, gel, lotion",',Glenmark,Skin Care,Dermatology & Hair,https://www.newlifeimpex.com/skin-care-products.html#tazarotene-cream-tazret-forte
Tegoprazan Pcab 50 mg Tablet,234,Box,10x10 / Strip,',50 mg,Tablet,',',Anti-Cancer,Oncology,https://www.newlifeimpex.com/anti-cancer-drugs.html#tegoprazan-pcab-50-mg-tablet
Telmisartan Cresar 80 mg tablets,116,Strip,10*10 Tablets / Strip,Telmisartan,80 mg,Tablet,Cresar 80 mg,Cipla,"Heart, Cholesterol & Hypertension",Cardiovascular,https://www.newlifeimpex.com/heart-health-cholesterol-hypertension-medicine.html#telmisartan-cresar-80-mg-tablets
Telmisartan Metoprolol Tablet,190,Strip,1 X 10 / Strip,Telmisartan; Metoprolol,Telmisartan (40mg) + Metoprolol Succinate (50mg) · 40/50,Tablet,TAZLOC BETA 50 MG,Usv Ltd,Antibiotics,Anti-Infectives,https://www.newlifeimpex.com/antibiotic-medicines.html#telmisartan-metoprolol-tablet
Telmisartan Telmistrum tablets,100,Strip,10X15 Tablets / Stripe,Telmisartan,Telmisartan 40,Tablet,',',"Heart, Cholesterol & Hypertension",Cardiovascular,https://www.newlifeimpex.com/heart-health-cholesterol-hypertension-medicine.html#telmisartan-telmistrum-tablets
Teneligliptin TENglyn 20mg Tablet,176,Box,10 tablets,Teneligliptin,Teneligliptin · 20 mg,Tablet,Teneliglipt,',Generic & Uncategorized,Other,https://www.newlifeimpex.com/pharmaceutical-tablet.html#teneligliptin-tenglyn-20mg-tablet
Tenexx CP 250 mg injection 10 ml,1040,Box,',Testosterone,Testosteron cyphionate · 250 mg/ml,Injection,Tenexx CP-250,',Testosterone & Steroids,Men's Health,https://www.newlifeimpex.com/testosterone-and-steroids.html#tenexx-cp-250-mg-injection-10-ml
Tenexx ET Testosteron Enathonate 25 mg injection,950,Vial,10 ml / Vial,Testosterone,250 mg/ml,Injection,Tenexx ET,',Testosterone & Steroids,Men's Health,https://www.newlifeimpex.com/testosterone-and-steroids.html#tenexx-et-testosteron-enathonate-25-mg-injection
Tenimap Teneligliptin 20mg Tablets,120,Strip,1*10 Tablets / Strip,Teneligliptin,TENELIGLIPTIN 20MG · 20 mg,Tablet,Tenimap 20,',Weight Loss & Anti-Diabetic,Metabolic & Endocrine,https://www.newlifeimpex.com/weight-loss-and-anti-diabetic-medicine.html#tenimap-teneligliptin-20mg-tablets
Tenof Em Tablet,1000,Bottle,1x30Tablets,Emtricitabine; Tenofovir,Emtricitabine (200mg) + Tenofovir · 300 mg,Tablet,',Hetero,Anti-HIV,Anti-Infectives,https://www.newlifeimpex.com/anti-hiv-medicine.html#tenof-em-tablet
Tenof Tenofovir 300mg Tablets,980,Bottle,1x30Tablets / Box,Tenofovir,300 mg,Tablet,',Hetro,Anti-HIV,Anti-Infectives,https://www.newlifeimpex.com/anti-hiv-medicine.html#tenof-tenofovir-300mg-tablets
Tenvir Tenofovir Disoproxil Fumarate Tablets,1559,Bottle,30 tab,Tenvir; Tenofovir,300 mg,Tablet,Cipla,',Anti-HIV,Anti-Infectives,https://www.newlifeimpex.com/anti-hiv-medicine.html#tenvir-tenofovir-disoproxil-fumarate-tablets
Terbicare cream terbinafine,120,Piece,15 gm,Terbinafine,',"Cream, gel, lotion",Terbicare cream,Care formulations,Skin Care,Dermatology & Hair,https://www.newlifeimpex.com/skin-care-medicine.html#terbicare-cream-terbinafine
Terbinafine Terbiface cream,85,Piece,15 gram,Terbinafine,1% w/w,"Cream, gel, lotion",Terbiface,Healing,Skin Care,Dermatology & Hair,https://www.newlifeimpex.com/skin-care-medicine.html#terbinafine-terbiface-cream
Terbinafine Texifen Dusting Powder (1% W/W),105,Piece,30 g,Terbinafine,Terbinafine 1% · 1% w/w,Powder or sachet,',',Antifungal,Anti-Infectives,https://www.newlifeimpex.com/anti-fungal-products.html#terbinafine-texifen-dusting-powder-1-w-w
Test E Testosteron enanthonate 10 ml 250 mg,1500,Vial,10 ml / Vial,Testosterone,250 mg/ml,Other,Test E,',Testosterone & Steroids,Men's Health,https://www.newlifeimpex.com/testosterone-and-steroids.html#test-e-testosteron-enanthonate-10-ml-250-mg
TEST-E 250 MG 10 ML,1040,Vial,10 ml / Vial,',250 mg/ml,Other,TEST-E,Evolve,Testosterone & Steroids,Men's Health,https://www.newlifeimpex.com/testosterone-and-steroids.html#test-e-250-mg-10-ml
Testenate Depot 250 Injection,415,Vial,1 Ampoule x 1ml / Box,',250 mg,Injection,Testenate Depot,Searle Interphar,Testosterone & Steroids,Men's Health,https://www.newlifeimpex.com/testosterone-and-steroids.html#testenate-depot-250-injection
Testeosterone Suspension Aquabol 100mg Injection,850,Vial,1 ml Ampoule,Testosterone,esteosterone Suspension · 100 mg,Injection,Aquabol,',Skin Care,Dermatology & Hair,https://www.newlifeimpex.com/skin-care-products.html#testeosterone-suspension-aquabol-100mg-injection
Testobix-mix 1 ml injection,120,Vial,10 ampules in box,',25 mg,Injection,',',Testosterone & Steroids,Men's Health,https://www.newlifeimpex.com/testosterone-and-steroids.html#testobix-mix-1-ml-injection
Testoboon Cp -250 Injection,1400,Vial,10 ML,Testosterone,TESTOSTERONE CYPIONATE · 250 mg/ml,Injection,TESTOBOON CP,',Testosterone & Steroids,Men's Health,https://www.newlifeimpex.com/testosterone-and-steroids.html#testoboon-cp-250-injection
TESTOBOON CP 250 MG 20 ML,1400,Vial,20 ML,Testosterone,TESTOSTERONE CYPIONATE · 250 mg/ml,Other,KACHHELA,',Testosterone & Steroids,Men's Health,https://www.newlifeimpex.com/testosterone-and-steroids.html#testoboon-cp-250-mg-20-ml
Testoboon CP 250 mg injection,100,Vial,',',250 mg/ml,Injection,Testoboon CP 250 mg,',Testosterone & Steroids,Men's Health,https://www.newlifeimpex.com/testosterone-and-steroids.html#testoboon-cp-250-mg-injection
Testoboon Depot 250 Mg 20 Ml,1375,Vial,20 ML / Vial,',250 mg,Other,',Kachhela,Testosterone & Steroids,Men's Health,https://www.newlifeimpex.com/testosterone-and-steroids.html#testoboon-depot-250-mg-20-ml
TESTOBOON PP 100 MG 20 ML,800,Vial,20 ML,Testosterone,TESTOSTERONE PROPIONATE · 100 mg,Other,TESTOBOON PP,',Testosterone & Steroids,Men's Health,https://www.newlifeimpex.com/testosterone-and-steroids.html#testoboon-pp-100-mg-20-ml
Testocare Depot Injection,125,Vial,1 ML / Vial,',250 mg/ml,Injection,',Careformulation,Testosterone & Steroids,Men's Health,https://www.newlifeimpex.com/testosterone-and-steroids.html#testocare-depot-injection
Testorix-p Testosterone Propionate 1 Ml,700,Vial,10 ampoules of 1ml,Testosterone,100 mg/ml,Other,testorix,',Testosterone & Steroids,Men's Health,https://www.newlifeimpex.com/testosterone-and-steroids.html#testorix-p-testosterone-propionate-1-ml
Testosterone & Drostanolone & Trenbolone Compound Rippedbol 150 mg Injection,1175,Vial,1 ml / Ampoule,Testosterone; Drostanolone; Trenbolone,Testosterone & Drostanolone & Trenbolone · 150 mg,Injection,Rippedbol,',Generic & Uncategorized,Other,https://www.newlifeimpex.com/pharmaceutical-tablet.html#testosterone-drostanolone-trenbolone-compound-rippedbol-150-mg-injection
Testosterone Cypionate Tcypion 250mg Injection,700,Vial,1 ml / Ampoule,Testosterone,250 mg/ml,Injection,',',Pain Killers,Pain & Musculoskeletal,https://www.newlifeimpex.com/pain-killer-medicines.html#testosterone-cypionate-tcypion-250mg-injection
Testosterone cypionate Testacyp 250 Mg,199,Vial,1 ML,Testosterone,Testosterone cypionate · 250 mg/ml,Injection,TESTOCYP INJECTION,',Testosterone & Steroids,Men's Health,https://www.newlifeimpex.com/testosterone-and-steroids.html#testosterone-cypionate-testacyp-250-mg
Testosterone Enanthate 250 Mg TEST-E,130,Vial,1 ml / Vial,Testosterone,250 mg/ml,Other,Test E,',Testosterone & Steroids,Men's Health,https://www.newlifeimpex.com/testosterone-and-steroids.html#testosterone-enanthate-250-mg-test-e
Testosterone Enanthate 400mg Testomaxx,160,Vial,1 ml / Ampoule,Testosterone,TESTOSTERONE ENONTHATE · 400 mg,Other,TESTOMAXX,',Testosterone & Steroids,Men's Health,https://www.newlifeimpex.com/testosterone-and-steroids.html#testosterone-enanthate-400mg-testomaxx
Testosterone Enanthate Injection,100,Piece,3 ml / Box,Testosterone,10 I.u,Injection,TESTOBIX-MIX INJ,',Testosterone & Steroids,Men's Health,https://www.newlifeimpex.com/testosterone-and-steroids.html#testosterone-enanthate-injection
Testosterone Enanthate Pri Testo 250mg Injection,500,Vial,1 ml / Vial,Testosterone,250 mg/ml,Injection,',',Men's Health & Erectile Dysfunction,Men's Health,https://www.newlifeimpex.com/erectile-dysfunction-medicine.html#testosterone-enanthate-pri-testo-250mg-injection
Testosterone Enanthate Teston 250mg Injection,158,Vial,1 ml / Ampoule,Testosterone,250 mg/ml,Injection,',',Anti-Cancer,Oncology,https://www.newlifeimpex.com/anti-cancer-medicines.html#testosterone-enanthate-teston-250mg-injection
Testosterone Injection 250 MG SUSTAVIRON,120,Vial,1 ampule in a box,Testosterone,Testosterone Injection 250 · 250 mg,Injection,Sustaviron 250 mg,Searle,Testosterone & Steroids,Men's Health,https://www.newlifeimpex.com/testosterone-and-steroids.html#testosterone-injection-250-mg-sustaviron
Testosterone Mix Compound Restanon 250mg Injection,705,Vial,1 ml Ampoule,Testosterone,250 mg,Injection,Restanon,',Generic & Uncategorized,Other,https://www.newlifeimpex.com/pharmaceutical-tablet.html#testosterone-mix-compound-restanon-250mg-injection
Testosterone Pri Testo Cypionate 250mg Injection,1300,Vial,1 ml / Vial,Testosterone,250 mg/ml,Injection,',',Anti-Cancer,Oncology,https://www.newlifeimpex.com/anti-cancer-medicines.html#testosterone-pri-testo-cypionate-250mg-injection
Testosterone Pri Testo Mix,20700,Vial,1 ml Ampoule,Testosterone,Testosterone Enanthate · 250 mg,Injection,Pribolic,',Generic & Uncategorized,Other,https://www.newlifeimpex.com/pharmaceutical-tablet.html#testosterone-pri-testo-mix
Testosterone Undecanoate Injection,800,Vial,Vial,Testosterone,Testosterone Undecanoate,Injection,',Kachhela,Testosterone & Steroids,Men's Health,https://www.newlifeimpex.com/testosterone-and-steroids.html#testosterone-undecanoate-injection
Testoviron Depot 250 Mg,550,Vial,1 ml / Vial,',250 mg,Injection,TESTOVIRON,Schering,Testosterone & Steroids,Men's Health,https://www.newlifeimpex.com/testosterone-and-steroids.html#testoviron-depot-250-mg
Thalix 100 mg capsules,550,Strip,Stripe,',100 mg,Capsule,Thalix 100 mg,',Anti-Cancer,Oncology,https://www.newlifeimpex.com/anti-cancer-medicines.html#thalix-100-mg-capsules
Thalix 50 Mg Capsule,350,Strip,Stripe,',50 mg,Capsule,Thalix 50 mg,',Anti-Cancer,Oncology,https://www.newlifeimpex.com/anti-cancer-medicines.html#thalix-50-mg-capsule
Thiochochicoside Thionos 4 mg injection,375,Box,5 x 2 ml,Thiocolchicoside,2 mg/ml,Injection,Thionos injection,Prevogo,Generic & Uncategorized,Other,https://www.newlifeimpex.com/generic-products.html#thiochochicoside-thionos-4-mg-injection
Thymosin Alpha 1 Guficin 1.6 mg Injection,2577,Box,1 Vial / Vial,Thymosin,Thymosin α1 · 1.6 mg,Injection,Gufic,',Anti-Cancer,Oncology,https://www.newlifeimpex.com/anti-cancer-medicines.html#thymosin-alpha-1-guficin-1-6-mg-injection
Thymosin Alpha Guficin 1.6mg Injection,1735,Box,1 Vial / Vial,Thymosin,Thymosin α1 · 1.6 mg,Injection,Ferti care,',Antibiotics,Anti-Infectives,https://www.newlifeimpex.com/antibiotic-medicines.html#thymosin-alpha-guficin-1-6mg-injection
Thyronorm Thyroxine (100mcg) tablets,169,Bottle,120 Tablets / Bottle,Thyroxine,100 mcg,Tablet,Thyronorm 100 mcg,',Thyroid,Metabolic & Endocrine,https://www.newlifeimpex.com/thyroid-medicine.html#thyronorm-thyroxine-100mcg-tablets
Thyroxine 100 Mcg Thyroxium Tablets,125,Bottle,120 Tablets / Strips,Thyroxine,100 mcg,Tablet,Thyroxium,',Thyroid,Metabolic & Endocrine,https://www.newlifeimpex.com/thyroid-medicine.html#thyroxine-100-mcg-thyroxium-tablets
Thyroxinol 50 Mcg Thyroxine Sodium Tablets,119,Bottle,100 Tablets / Bottle,Thyroxine,50 mcg,Tablet,Thyroxinol,Knoll,Thyroid,Metabolic & Endocrine,https://www.newlifeimpex.com/thyroid-medicine.html#thyroxinol-50-mcg-thyroxine-sodium-tablets
Tianeptine Tynept OD Tablets,402,Strip,30 tablets box,',37.5 mg,Tablet,Tynept OD,',Anti-Anxiety & Depression,Mental Health & Neurology,https://www.newlifeimpex.com/anti-anxiety-and-depression-medicine.html#tianeptine-tynept-od-tablets
Timolol (0.5% w/v) Iotim drop,75,Piece,5 ml,Timolol,',Drops,Iotim drop,Fdc,Eye Drops,Ophthalmology,https://www.newlifeimpex.com/eye-drops.html#timolol-0-5-w-v-iotim-drop
Tinfal F 10% Lotion,500,Bottle,60ml,',',"Cream, gel, lotion",',',Hair Care & Growth,Dermatology & Hair,https://www.newlifeimpex.com/hair-care-hair-growth-medicines.html#tinfal-f-10-lotion
Tinfal F Minoxidil And Finasteride Topical Solution,1000,Bottle,60 ml / 60 ML,Minoxidil; Finasteride,Minoxidil + Finasteride · 5% w/v,Syrup or liquid,TINFAL-F,Leeford,Hair Care & Growth,Dermatology & Hair,https://www.newlifeimpex.com/hair-care-hair-growth-medicines.html#tinfal-f-minoxidil-and-finasteride-topical-solution
Tiniba 500 Mg Tinidazole Tablet,157,Strip,1*10 Tablets / Stripe,Tinidazole,500 mg,Tablet,Tiniba 500,',Antibiotics,Anti-Infectives,https://www.newlifeimpex.com/antibiotic-medicines.html#tiniba-500-mg-tinidazole-tablet
Tiotropium (18mcg) Tiova Rotacaps,165,Pack,30 capsules,Tiotropium,18mcg,Capsule,Tiova,',COPD & Asthma,Respiratory,https://www.newlifeimpex.com/copd-asthma-inhalers-and-medicines.html#tiotropium-18mcg-tiova-rotacaps
Tiova 9 Mcg Inhaler,622,Pack,200 MDI IN 1 PACKET,Tiotropium,Tiotropium (9mcg),Spray or inhaler,TIOVA,',COPD & Asthma,Respiratory,https://www.newlifeimpex.com/copd-asthma-inhalers-and-medicines.html#tiova-9-mcg-inhaler
"Tirzepatide (2.5mg),Mounjaro 2.5mg KwikPen",13125,Vial,1 prefilled pen,Tirzepatide,2.5 mg/0.5 ml,Injection,Mounjaro,',Weight Loss & Anti-Diabetic,Metabolic & Endocrine,https://www.newlifeimpex.com/weight-loss-and-anti-diabetic-medicine.html#tirzepatide-2-5mg-mounjaro-2-5mg-kwikpen
Tirzepatide (5mg) Mounjaro 5mg KwikPen,16400,Vial,1 prefilled pen,Tirzepatide,5 mg / 0.6 ml,Injection,Mounjaro,',Weight Loss & Anti-Diabetic,Metabolic & Endocrine,https://www.newlifeimpex.com/weight-loss-and-anti-diabetic-medicine.html#tirzepatide-5mg-mounjaro-5mg-kwikpen
Tizan 2mg Tablets,164,Strip,1 X 10,Tizanidine,TIZANIDINE · 2 mg,Tablet,',Sun Pharmaceutical Industries Ltd,Pain Killers,Pain & Musculoskeletal,https://www.newlifeimpex.com/pain-killer-medicines.html#tizan-2mg-tablets
Tizepatide Mounjaro 5 mg injection,4675,Vial,0.5 ml / Injection,Tirzepatide,5 mg,Injection,Mounjaro,Lilly,Weight Loss & Anti-Diabetic,Metabolic & Endocrine,https://www.newlifeimpex.com/weight-loss-and-anti-diabetic-medicine.html#tizepatide-mounjaro-5-mg-injection
Tizrepatide Mounjaro 2.5 Mg Injection,3600,Vial,0.5 ml vial / Injection,Tirzepatide,2.5 mg,Injection,Mounjaro,',Weight Loss & Anti-Diabetic,Metabolic & Endocrine,https://www.newlifeimpex.com/weight-loss-and-anti-diabetic-medicine.html#tizrepatide-mounjaro-2-5-mg-injection
Tobra Tobramycin drop,85,Piece,10 ml,Tobramycin,',Drops,',Laborate,Eye Drops,Ophthalmology,https://www.newlifeimpex.com/eye-drops.html#tobra-tobramycin-drop
Tobramycin and dexamethasone Tobra -D drop,80,Piece,10 ml,Tobramycin; Dexamethasone,',Drops,',Laborate,Eye Drops,Ophthalmology,https://www.newlifeimpex.com/eye-drops.html#tobramycin-and-dexamethasone-tobra-d-drop
Toceranib Phosphate 10 mg Tablet Tocerapet,350,Piece,4 tablets,',Toceranib Phosphate 10 mg,Tablet,Tocerapet,',Veterinary,Veterinary,https://www.newlifeimpex.com/veterinary-medicine.html#toceranib-phosphate-10-mg-tablet-tocerapet
Tofacitinib 5 Mg Tablets,200,Strip,1*10 Tablets,Tofacitinib,5 mg,Tablet,TOFAKAY 5 MG,Kachhela,Antibiotics,Anti-Infectives,https://www.newlifeimpex.com/antibiotic-medicines.html#tofacitinib-5-mg-tablets
Tofacitinib Tofanol 11 mg tablets,700,Strip,1*10 Tablets / Strips,Tofacitinib,11 mg,Tablet,Tofanol,Knoll,Pain Killers,Pain & Musculoskeletal,https://www.newlifeimpex.com/pain-killer-medicines.html#tofacitinib-tofanol-11-mg-tablets
Tofamark Tofacitinib 5 mg tablets,2220,Bottle,1*30,Tofacitinib,5 mg,Tablet,Tofamark 5,',Generic & Uncategorized,Other,https://www.newlifeimpex.com/generic-products.html#tofamark-tofacitinib-5-mg-tablets
Tofanol Tofacitinib Ointment,350,Piece,10 gm,Tofacitinib,TOFACITINIB · 2% w/w,"Cream, gel, lotion",TOFANOL,',Pain Killers,Pain & Musculoskeletal,https://www.newlifeimpex.com/pain-killer-medicines.html#tofanol-tofacitinib-ointment
Tofisopam Nextril 50 mg Tablet,189,Strip,Blister pack,',Tofisopam · 50 mg,Tablet,Nextril 50 mg,',Anti-Anxiety & Depression,Mental Health & Neurology,https://www.newlifeimpex.com/anti-anxiety-and-depression-medicine.html#tofisopam-nextril-50-mg-tablet
Tofispam Tofiso 100 mg Tablets,350,Strip,100 tablets in a box,',100 mg,Tablet,Tofiso 100,',Anti-Anxiety & Depression,Mental Health & Neurology,https://www.newlifeimpex.com/anti-anxiety-and-depression-medicine.html#tofispam-tofiso-100-mg-tablets
Topaheal Topiramate Tablet,187,Strip,20*10 tab / Box,Topiramate,50 mg,Tablet,',',Antibiotics,Anti-Infectives,https://www.newlifeimpex.com/antibiotic-medicines.html#topaheal-topiramate-tablet
Topiramate Topaheal 100 Mg,175,Strip,20*10 / Strips,Topiramate,100 mg,Other,TOPAHEAL 100,Healing Pharma,Anti-Anxiety & Depression,Mental Health & Neurology,https://www.newlifeimpex.com/anti-anxiety-and-depression-medicine.html#topiramate-topaheal-100-mg
Topirol 25 Mg Tablets,25,Strip,Strip,',',Tablet,',',Anti-Anxiety & Depression,Mental Health & Neurology,https://www.newlifeimpex.com/anti-anxiety-and-depression-medicine.html#topirol-25-mg-tablets
Toptada 10MG Tablet,250,Strip,10 Tablets / Strip,Tadalafil,Tadalafil 10 mg · 10mg,Tablet,Topada,',Men's Health & Erectile Dysfunction,Men's Health,https://www.newlifeimpex.com/erectile-dysfunction-medicine.html#toptada-10mg-tablet
Toptada 20mg Tablets,400,Strip,1*10 Tablets / Strip,Tadalafil,Tadalafil 20 mg · 10 mg,Tablet,TOPTADA-10,Healing Pharma,Men's Health & Erectile Dysfunction,Men's Health,https://www.newlifeimpex.com/erectile-dysfunction-medicine.html#toptada-20mg-tablets
Toxo-mox Amoxycillin And Potassium Clavulanate Tablets,170,Box,Box,Amoxicillin; Clavulanate,Amoxicllin and Potassium Clavulanate Tablets IP · 250 MG,Tablet,',Savavet,Veterinary,Veterinary,https://www.newlifeimpex.com/veterinary-medicine.html#toxo-mox-amoxycillin-and-potassium-clavulanate-tablets
Trancepta Tranylcypromine (10mg) tablets,200,Bottle,10*10 Tablets / Box,',',Tablet,Trancepta 10 mg,',Anti-Anxiety & Depression,Mental Health & Neurology,https://www.newlifeimpex.com/anti-depressant-and-anit-anxiety.html#trancepta-tranylcypromine-10mg-tablets
Tranexamic Acid Tnemic 500 mg Injection,71,Piece,5 ml ampoule,Tranexamic,500 mg/5 ml,Injection,Tnemic,',Generic & Uncategorized,Other,https://www.newlifeimpex.com/pharmaceutical-tablet.html#tranexamic-acid-tnemic-500-mg-injection
Travo Eye Drops,630,Piece,3 ml,',',Drops,Cipla,',Eye Drops,Ophthalmology,https://www.newlifeimpex.com/eye-drops.html#travo-eye-drops
Travoprost (40mcg) Travosun drop,233,Piece,3 ml,',',Drops,Travosun drop,Sunways,Eye Drops,Ophthalmology,https://www.newlifeimpex.com/eye-drops.html#travoprost-40mcg-travosun-drop
Travoprost Lupitros-Z drop,442,Piece,3 ml,',',Drops,Lupitros_z drop,Lupin,Eye Drops,Ophthalmology,https://www.newlifeimpex.com/eye-drops.html#travoprost-lupitros-z-drop
Travoprost Travo-z Drop,495,Piece,3 ml,',',Drops,Travo-Z drop,Micro labs,Eye Drops,Ophthalmology,https://www.newlifeimpex.com/eye-drops.html#travoprost-travo-z-drop
Trazocan 50 Mg Tablet,50,Strip,10 Tablet / Strips,',50 mg,Tablet,Trazocan,Intas,Anti-Anxiety & Depression,Mental Health & Neurology,https://www.newlifeimpex.com/anti-anxiety-and-depression-medicine.html#trazocan-50-mg-tablet
Trazocan Trazodone (100mg) tablets,100,Strip,strips of 10 tablets,Trazodone,100 mg,Tablet,Trazodon 100,',Generic & Uncategorized,Other,https://www.newlifeimpex.com/generic-products.html#trazocan-trazodone-100mg-tablets
Trazodone 25mg Tablets Tridon,35,Strip,1X10,Trazodone,TRAZODONE 25 MG · 25 mg,Tablet,TRIDON,',Anti-Anxiety & Depression,Mental Health & Neurology,https://www.newlifeimpex.com/anti-anxiety-and-depression-medicine.html#trazodone-25mg-tablets-tridon
Trelegy Ellipta Inhaler,3135,Pack,Box,Fluticasone; Vilanterol,Fluticasone Furoate (100mcg) + Umeclidinium (62.5mcg) + Vilanterol (25mcg) · 125 mcg,Spray or inhaler,Trelegy Ellipta Inhaler,',COPD & Asthma,Respiratory,https://www.newlifeimpex.com/copd-asthma-inhalers-and-medicines.html#trelegy-ellipta-inhaler
Trenbolone Enanthate Trenanthate 200mg Injection,1350,Vial,Ampule,Trenbolone,Trenbolone Enanthate · 200 mg,Syrup or liquid,Trenanthate,',Anemia,Hematology,https://www.newlifeimpex.com/anemia-medicine.html#trenbolone-enanthate-trenanthate-200mg-injection
Trenbolone Hexahydrobenzylcarbonate Parabol 76.5mg Injection,1600,Vial,Ampule,Trenbolone,Trenbolone Hexahydrobenzylcarbonate · 76.5 mg,Syrup or liquid,Parabol,',Anemia,Hematology,https://www.newlifeimpex.com/anemia-medicine.html#trenbolone-hexahydrobenzylcarbonate-parabol-76-5mg-injection
TRENBOLONE Trenanthate 200mg,250,Bottle,10 ml / Vial,Trenbolone,200 mg,Injection,',Shree Venketsh,Testosterone & Steroids,Men's Health,https://www.newlifeimpex.com/testosterone-and-steroids.html#trenbolone-trenanthate-200mg
Trental 400mg Tablets,83,Strip,10*15 Tablet / Strips,',400 mg,Tablet,Trental,Sanofi India ltd,Pain Killers,Pain & Musculoskeletal,https://www.newlifeimpex.com/pain-killer-medicines.html#trental-400mg-tablets
Tretiheal 0.05 Tretinoin Cream,90,Tube,',Tretinoin,0.05%,"Cream, gel, lotion",',',Skin Care,Dermatology & Hair,https://www.newlifeimpex.com/skin-care-medicine.html#tretiheal-0-05-tretinoin-cream
Tretiheal Skin Cream,80,Piece,',',',"Cream, gel, lotion",',Healing Pharma,Skin Care,Dermatology & Hair,https://www.newlifeimpex.com/skin-care-medicine.html#tretiheal-skin-cream
Tretiheal Tretinion 0.1% Cream,100,Tube,20 gm,Tretinoin,0.1%,"Cream, gel, lotion",',',Skin Care,Dermatology & Hair,https://www.newlifeimpex.com/skin-care-products.html#tretiheal-tretinion-0-1-cream
Tretimaxx tretinoin 0.1% cream,100,Piece,',Tretinoin,',"Cream, gel, lotion",Tretimaxx 0.1%,',Skin Care,Dermatology & Hair,https://www.newlifeimpex.com/skin-care-products.html#tretimaxx-tretinoin-0-1-cream
Tretin 0.025% cream,205,Tube,30 gm,',0.025%,"Cream, gel, lotion",Tretin,',Skin Care,Dermatology & Hair,https://www.newlifeimpex.com/skin-care-products.html#tretin-0-025-cream
Tretin 0.05% cream,225,Tube,30 gm,',0.05%,"Cream, gel, lotion",Tretin 0.05%,',Skin Care,Dermatology & Hair,https://www.newlifeimpex.com/skin-care-products.html#tretin-0-05-cream
Tretinoin Microsphere Gel 0.1%,120,Piece,20 gm / Tube,Tretinoin,Tretinoin (0.1% w/w),"Cream, gel, lotion",Tretoin,',Skin Care,Dermatology & Hair,https://www.newlifeimpex.com/skin-care-medicine.html#tretinoin-microsphere-gel-0-1
Tretinoin Tretizon 0.05% cream,60,Tube,30 gm,Tretinoin,0.05%,"Cream, gel, lotion",Tretizon 0.05%,',Skin Care,Dermatology & Hair,https://www.newlifeimpex.com/skin-care-medicine.html#tretinoin-tretizon-0-05-cream
Tretiva 10 Mg Softgels,130,Strip,1*10 capsule / Strips,',10 gm,Capsule,Tretiva,Intas Pharmaceuticals Ltd.,Skin Care,Dermatology & Hair,https://www.newlifeimpex.com/skin-care-medicine.html#tretiva-10-mg-softgels
Tretiva 40mg Capsules,400,Box,1*10 Capsules / Strips,',40 mg,Capsule,Tretiva,Intas,Skin Care,Dermatology & Hair,https://www.newlifeimpex.com/skin-care-medicine.html#tretiva-40mg-capsules
Tretiva Isotretinoin (5mg) capsules,110,Strip,1*10 Capsules / Strips,Isotretinoin,5 mg,Capsule,Tretiva 5 mg,',Skin Care,Dermatology & Hair,https://www.newlifeimpex.com/skin-care-products.html#tretiva-isotretinoin-5mg-capsules
Tretiva isotretinoin 10 mg capsules,176,Box,1*10 Capsules / Strips,Isotretinoin,10 gm,Capsule,Tretiva 10 mg cap,',Skin Care,Dermatology & Hair,https://www.newlifeimpex.com/skin-care-medicine.html#tretiva-isotretinoin-10-mg-capsules
Tri Luma Rd Cream,500,Tube,15 gm / Tube,',15gm,"Cream, gel, lotion",Tri-luma,',Skin Care,Dermatology & Hair,https://www.newlifeimpex.com/skin-care-medicine.html#tri-luma-rd-cream
Triamcinolone Carelog 40 Mg Injection,100,Vial,1 ml,Triamcinolone,40 mg/ml,Injection,',Care formolations,Pain Killers,Pain & Musculoskeletal,https://www.newlifeimpex.com/pain-killer-medicines.html#triamcinolone-carelog-40-mg-injection
Trichobliss Ayurvedic tablets,1500,Bottle,60 tablets / Bottle,',Ayurvedic,Tablet,',',Hair Care & Growth,Dermatology & Hair,https://www.newlifeimpex.com/hair-care-hair-growth-medicines.html#trichobliss-ayurvedic-tablets
Triluma 15 Gm Cream,771,Tube,15 g / Tube,Hydroquinone; Tretinoin; Fluocinolone,Hydroquinone 4% w/w Tretinoin 0.05% w/w & Fluocinolone acetonide 0.01% w/w,"Cream, gel, lotion",Triluma,',Skin Care,Dermatology & Hair,https://www.newlifeimpex.com/skin-care-medicine.html#triluma-15-gm-cream
Trinex Tizanidine Tablets,60,Strip,1x10,Tizanidine,Tizanidine · 2 mg,Tablet,',Singnature,Pain Killers,Pain & Musculoskeletal,https://www.newlifeimpex.com/pain-killer-medicines.html#trinex-tizanidine-tablets
Trivon 10 Mg Tablet,240,Bottle,1X10,',TRANYLCYPROMINE,Tablet,TRIVON 10 MG TABLET,Intas Pharmaceuticals Ltd,Anti-Anxiety & Depression,Mental Health & Neurology,https://www.newlifeimpex.com/anti-anxiety-and-depression-medicine.html#trivon-10-mg-tablet
Truderma Vitamin C Serum,1880,Piece,20 ml / Bottle,',',"Cream, gel, lotion",TRUDERMA,',Skin Care,Dermatology & Hair,https://www.newlifeimpex.com/skin-care-medicine.html#truderma-vitamin-c-serum
Trulicity 1.5 Mg Injection,5000,Box,Box,',1.5 mg,Injection,Trulicity,Lily,Weight Loss & Anti-Diabetic,Metabolic & Endocrine,https://www.newlifeimpex.com/weight-loss-and-anti-diabetic-medicine.html#trulicity-1-5-mg-injection
Trulicity Pen Injection,4800,Box,Box,Dulaglutide,Dulaglutide · 0.75 mg,Injection,Trulicity,Lilly,Weight Loss & Anti-Diabetic,Metabolic & Endocrine,https://www.newlifeimpex.com/weight-loss-and-anti-diabetic-medicine.html#trulicity-pen-injection
Tucatinib Tuccatinn 150mg Tablet,45009,Box,60 / Bottle,Tucatinib,Tucatinib · 150mg,Tablet,Tuccatinn,Bdr,Anti-HIV,Anti-Infectives,https://www.newlifeimpex.com/anti-hiv-medicine.html#tucatinib-tuccatinn-150mg-tablet
Tucatinib Tukavo 50mg Tablet,17340,Box,60 / Bottle,Tucatinib,Tucatinib · 50 mg,Tablet,Tukavo,Zydus,Generic & Uncategorized,Other,https://www.newlifeimpex.com/pharmaceutical-tablet.html#tucatinib-tukavo-50mg-tablet
Tugain Minoxidil Solution,1277,Piece,60 ML,Minoxidil,Minoxidil 10% · 10%,Syrup or liquid,TUGAIN,Cipla,Hair Care & Growth,Dermatology & Hair,https://www.newlifeimpex.com/hair-care-hair-growth-medicines.html#tugain-minoxidil-solution
Twinaqt Dolutravir and Lamivudin Tablet,2430,Box,Box,Dolutegravir; Lamivudine,DOLUTEGRAVIR AND LAMIVUDINE · 50 mg,Tablet,TWINAQT,Emcure,Anti-HIV,Anti-Infectives,https://www.newlifeimpex.com/anti-hiv-medicine.html#twinaqt-dolutravir-and-lamivudin-tablet
Unicontin E Theophylline (400mg) tablets,267,Strip,',',400 mg,Tablet,Unicontin E 400,',COPD & Asthma,Respiratory,https://www.newlifeimpex.com/copd-asthma-inhalers-and-medicines.html#unicontin-e-theophylline-400mg-tablets
Unwanted 72 Tablet,93,Strip,Strip,',',Tablet,UNWANTED 72,',Infertility & Women’s Health,Women's Health,https://www.newlifeimpex.com/infertility-medicine-and-womens-health.html#unwanted-72-tablet
Urimax 0.2mg Caps,170,Strip,',Tamsulosin,Tamsulosin (200mcg) · 200 mcg,Capsule,URIMAX - 0.2,Cipla,Anti-Allergy,Allergy & Immunology,https://www.newlifeimpex.com/anti-allergy-medicines.html#urimax-0-2mg-caps
Urimax 0.4 Mg Capsule,340,Strip,20 Capsules,Tamsulosin,Tamsulosin (400mcg) · 400 mcg,Capsule,Urimax,Cipla,Generic & Uncategorized,Other,https://www.newlifeimpex.com/generic-medicine.html#urimax-0-4-mg-capsule
Urokinase 500000 Iu Injection,1500,Piece,Box,',Urokinase · 500000 I.U/Vial,Injection,',',Generic & Uncategorized,Other,https://www.newlifeimpex.com/generic-products.html#urokinase-500000-iu-injection
Ursodeoxycholic Acid Ursocol 600mg Tablet,752,Strip,10 tablets / Strip,Ursodeoxycholic,Ursodeoxycholic Acid · 600 mg,Tablet,Ursocol,',Veterinary,Veterinary,https://www.newlifeimpex.com/veterinary-medicines.html#ursodeoxycholic-acid-ursocol-600mg-tablet
Valcubit 100 mg Tablets,700,Strip,2*14 Tablets / Strip,',49/51,Tablet,',',"Heart, Cholesterol & Hypertension",Cardiovascular,https://www.newlifeimpex.com/heart-health-cholesterol-hypertension-medicine.html#valcubit-100-mg-tablets
Valsartan Diovaal 160 Mg Tab,130,Strip,1X10 / STRIP,Valsartan,160 mg,Tablet,',',"Heart, Cholesterol & Hypertension",Cardiovascular,https://www.newlifeimpex.com/heart-health-cholesterol-hypertension-medicine.html#valsartan-diovaal-160-mg-tab
Valsartan Valsastran 160 mg tablet,185,Strip,10*10 Tablets / Box,Valsartan,160 mg,Tablet,',',"Heart, Cholesterol & Hypertension",Cardiovascular,https://www.newlifeimpex.com/heart-health-cholesterol-hypertension-medicine.html#valsartan-valsastran-160-mg-tablet
Valstep-S Sacubitril + Valsartan50 tablets,400,Strip,1 X 14 / STRIPE,Sacubitril; Valsartan,50 mg,Tablet,',',"Heart, Cholesterol & Hypertension",Cardiovascular,https://www.newlifeimpex.com/heart-health-cholesterol-hypertension-medicine.html#valstep-s-sacubitril-valsartan50-tablets
Vanking 500mg Injection,285,Vial,10 ml / Box,',500 mg,Injection,',',Antivirals,Anti-Infectives,https://www.newlifeimpex.com/antiviral-drugs.html#vanking-500mg-injection
Vantox-CP Vancomycin 500 Mg Injection,334,Vial,',Vancomycin,500 mg,Injection,',',Antivirals,Anti-Infectives,https://www.newlifeimpex.com/antiviral-drugs.html#vantox-cp-vancomycin-500-mg-injection
Vardenafil Valif 20 Tablet,180,Strip,1*10 Tablets / Strips,Vardenafil,20 mg,Tablet,Valif 20,',Men's Health & Erectile Dysfunction,Men's Health,https://www.newlifeimpex.com/mens-health-erectile-dysfunction-drugs.html#vardenafil-valif-20-tablet
Varditra-20 Vardenafil Tablets,498,Strip,1*10 Tablets / Box,Vardenafil,20 mg,Tablet,',',Men's Health & Erectile Dysfunction,Men's Health,https://www.newlifeimpex.com/mens-health-erectile-dysfunction-drugs.html#varditra-20-vardenafil-tablets
Vareniciline Varnitrip 1 Mg Tablets,750,Pack,1X10 / STRIP,',1 mg,Tablet,',',De-Addiction,Mental Health & Neurology,https://www.newlifeimpex.com/de-addiction-medicine.html#vareniciline-varnitrip-1-mg-tablets
Varnismart 1 mg tablets,570,Strip,Strips,',1 mg,Tablet,Varnismart 1 mg,Healing Pharma,De-Addiction,Mental Health & Neurology,https://www.newlifeimpex.com/de-addiction-medicine.html#varnismart-1-mg-tablets
Venlafaxine Hydrochloride capsules veniz,230,Strip,10 Capsules,Venlafaxine,150 mg,Capsule,Veniz XR 150 mg,',Anti-Anxiety & Depression,Mental Health & Neurology,https://www.newlifeimpex.com/anti-anxiety-and-depression-medicine.html#venlafaxine-hydrochloride-capsules-veniz
Venlor Xr 150 Capsule,111,Strip,10*10 Capsule,Venlafaxine,Venlafaxine (150mg),Capsule,VENLOR XR 150,Cipla,Anti-Anxiety & Depression,Mental Health & Neurology,https://www.newlifeimpex.com/anti-anxiety-and-depression-medicine.html#venlor-xr-150-capsule
Venpres Amh Telmisartan Amlodepine Tablet,93,Strip,Strip,Telmisartan; Amlodipine,40/5/12.5,Tablet,VENPRES AMH,Leeford,"Heart, Cholesterol & Hypertension",Cardiovascular,https://www.newlifeimpex.com/heart-health-cholesterol-hypertension-medicine.html#venpres-amh-telmisartan-amlodepine-tablet
Ventab XL Venlafaxine (150mg) tablets,228,Strip,Strips of 10 tablets,Venlafaxine,Venlafaxine · 150 mg,Tablet,Ventab XL 150,',Anti-Anxiety & Depression,Mental Health & Neurology,https://www.newlifeimpex.com/anti-depressant-and-anit-anxiety.html#ventab-xl-venlafaxine-150mg-tablets
Venusia Moisturising Lotion,481,Bottle,100 ml / Bottle,',',"Cream, gel, lotion",Venusia Moisturising Lotion,',Skin Care,Dermatology & Hair,https://www.newlifeimpex.com/skin-care-products.html#venusia-moisturising-lotion
Verquvo Vericiguat Tablets 2.5 Mg,1905,Box,',Vericiguat,Vericiguat (2.5mg) · 2.5 mg,Tablet,Verquvo 2.5 mg,',Anti-Cancer,Oncology,https://www.newlifeimpex.com/anti-cancer-medicines.html#verquvo-vericiguat-tablets-2-5-mg-478542505
Verquvo Vericiguat Tablets 2.5 Mg,1780,Box,',Vericiguat,VERICIGUAT · 2.5 mg,Tablet,VERQUVO,Bayer Zydus,Anti-Cancer,Oncology,https://www.newlifeimpex.com/anti-cancer-medicines.html#verquvo-vericiguat-tablets-2-5-mg-352212189
Veterinary Clindamycin Tablet 300 MG,112,Box,Stripe,Clindamycin,Clindamycin · 300 mg,Tablet,GOclin,',Veterinary,Veterinary,https://www.newlifeimpex.com/veterinary-medicine.html#veterinary-clindamycin-tablet-300-mg
Veterinary Clindamycin Tablet 450 Mg Pet Clind,330,Piece,10 capsules / Stripe,Clindamycin,Clindamycin · 450 mg,Tablet,Petclind,',Veterinary,Veterinary,https://www.newlifeimpex.com/veterinary-medicine.html#veterinary-clindamycin-tablet-450-mg-pet-clind
Viagra 100 Mg Tablet,1200,Strip,4 Tablets,Sildenafil,Sildenafil · 100 mg,Tablet,VIAGRA 100 MG,Pfizer,Men's Health & Erectile Dysfunction,Men's Health,https://www.newlifeimpex.com/mens-health-erectile-dysfunction-drugs.html#viagra-100-mg-tablet
Vidalista 2 5 Mg Tablets,100,Strip,1*10 Tablets / Strip,Tadalafil,TADALAFIL · 2.5mg,Tablet,',',Men's Health & Erectile Dysfunction,Men's Health,https://www.newlifeimpex.com/erectile-dysfunction-medicine.html#vidalista-2-5-mg-tablets
Vidalista 20 Mg Tablet,45,Strip,Strip of 10 tablets / Box,Tadalafil,TADALAFIL · 20mg,Tablet,',',Men's Health & Erectile Dysfunction,Men's Health,https://www.newlifeimpex.com/erectile-dysfunction-medicine.html#vidalista-20-mg-tablet
Vidalista 40mg Tadalafil Tablets,60,Strip,10*10 Tablets / Strip,Tadalafil,40mg,Tablet,',',Men's Health & Erectile Dysfunction,Men's Health,https://www.newlifeimpex.com/erectile-dysfunction-medicine.html#vidalista-40mg-tadalafil-tablets
Vidalista 5 Tablet,30,Strip,10*10 Tablets / Strip,',5 mg,Tablet,VIDALISTA -5,',Men's Health & Erectile Dysfunction,Men's Health,https://www.newlifeimpex.com/erectile-dysfunction-medicine.html#vidalista-5-tablet
Vidalista 60mg Tablets,75,Strip,Strip of 10 tablets / Box,Tadalafil,TADALAFIL · 60mg,Tablet,VIDALISTA,',Men's Health & Erectile Dysfunction,Men's Health,https://www.newlifeimpex.com/erectile-dysfunction-medicine.html#vidalista-60mg-tablets
Vidalista 80 Mg,90,Strip,10 TABLETS / Box,',80 MG,Tablet,VIDALISTA,',Men's Health & Erectile Dysfunction,Men's Health,https://www.newlifeimpex.com/erectile-dysfunction-medicine.html#vidalista-80-mg
Vidalista Black 80mg,90,Strip,10 Tablets / Strip,Tadalafil,Tadalafil 20 mg · 20 mg,Tablet,VIDALISTA BLACK 80 MG,',Men's Health & Erectile Dysfunction,Men's Health,https://www.newlifeimpex.com/erectile-dysfunction-medicine.html#vidalista-black-80mg
Vidalista Professional 20mg,40,Strip,10 Tablets,Tadalafil,Tadalafil 20 mg · 20 mg,Tablet,VIDILISTA PROFESSIONAL,',Men's Health & Erectile Dysfunction,Men's Health,https://www.newlifeimpex.com/erectile-dysfunction-medicine.html#vidalista-professional-20mg
Vidalista Tadalafil 10 mg Tablets,200,Strip,10*10 Tablets / Box,Tadalafil,Tadalafil 10 mg · 10 mg,Tablet,',',Men's Health & Erectile Dysfunction,Men's Health,https://www.newlifeimpex.com/erectile-dysfunction-medicine.html#vidalista-tadalafil-10-mg-tablets
Vigore100 mg sildenafil jelly,125,Box,Box,Sildenafil,sildenafil · 100 mg,Syrup or liquid,Vigore,',Men's Health & Erectile Dysfunction,Men's Health,https://www.newlifeimpex.com/erectile-dysfunction-medicine.html#vigore100-mg-sildenafil-jelly
Vildagliptin Glyday 50mg Tablet,109,Strip,10 tablets,Vildagliptin,Vildagliptin · 50 mg,Tablet,Glyday,',Anti-Cancer,Oncology,https://www.newlifeimpex.com/anti-cancer-medicines.html#vildagliptin-glyday-50mg-tablet
Vildagliptin Vildablue 100mg Tablet,126,Strip,10 tablets,Vildagliptin,Vildagliptin · 100 mg,Tablet,Vildablue,',Generic & Uncategorized,Other,https://www.newlifeimpex.com/pharmaceutical-tablet.html#vildagliptin-vildablue-100mg-tablet
Visio Tear Eye Drops,200,Bottle,Bottle,',',Drops,',',Veterinary,Veterinary,https://www.newlifeimpex.com/veterinary-medicine.html#visio-tear-eye-drops
Vonoprazan Vonatime 10 mg Tablet,74,Box,10x10 Tablets / Box,Vonoprazan,Vonoprazan · 10 mg,Tablet,Vonatime,Hetero,Generic & Uncategorized,Other,https://www.newlifeimpex.com/pharmaceutical-tablet.html#vonoprazan-vonatime-10-mg-tablet
Vonoprazan Vono 10 mg Tablet,84,Box,10x10 Tablets / Box,Vonoprazan,Vonoprazan · 10 mg,Tablet,vono,Hetero,Veterinary,Veterinary,https://www.newlifeimpex.com/veterinary-medicines.html#vonoprazan-vono-10-mg-tablet
Vonoprazan Vozan 10mg Tablet,92,Box,Box,Vonoprazan,Vonoprazan · 10 mg,Tablet,Vozan,Hetero,Generic & Uncategorized,Other,https://www.newlifeimpex.com/pharmaceutical-tablet.html#vonoprazan-vozan-10mg-tablet
Voriconazole Vorier 200mg Injection,3650,Vial,Single vial / Glass vial,Voriconazole,200 mg,Injection,Vorier,',Generic & Uncategorized,Other,https://www.newlifeimpex.com/pharmaceutical-tablet.html#voriconazole-vorier-200mg-injection
Vortioxetine 20mg Brintellix,1166,Strip,1 x 10 tablets / Strip,Vortioxetine,Hydrobromide · 20 mg,Capsule,Brintellix,',Anti-Anxiety & Depression,Mental Health & Neurology,https://www.newlifeimpex.com/anti-depressant-and-anit-anxiety.html#vortioxetine-20mg-brintellix
Vortixet 5 mg Tablet,80,Strip,strip of 10 tablet,',5 mg,Tablet,Vortixet,',Anti-Anxiety & Depression,Mental Health & Neurology,https://www.newlifeimpex.com/anti-anxiety-and-depression-medicine.html#vortixet-5-mg-tablet
Winolap 5mg Tablet,175,Box,10 Tablets,Olopatadine,olopatadine · 5mg,Tablet,Winolap 5,',Anti-Allergy,Allergy & Immunology,https://www.newlifeimpex.com/anti-allergy-medicines.html#winolap-5mg-tablet
Winolap Eye Drops,140,Piece,5 ml,',0.01% W/V,Drops,',',Eye Drops,Ophthalmology,https://www.newlifeimpex.com/eye-drops.html#winolap-eye-drops
Winolap Nasal Spray,272,Piece,',Olopatadine,Olopatadine · 12ml,Spray or inhaler,Winolap,Sun Pharma,Anti-Allergy,Allergy & Immunology,https://www.newlifeimpex.com/anti-allergy-medicines.html#winolap-nasal-spray
Winstrol Stanozolol Tablets 10 Mg,120,Strip,100 Tablets / Strip,Stanozolol,10 mg,Tablet,Winstrol,Evolve,Testosterone & Steroids,Men's Health,https://www.newlifeimpex.com/testosterone-and-steroids.html#winstrol-stanozolol-tablets-10-mg
Worm wood 450 mg capsules,550,Bottle,60 capsules / Box packing,',',Capsule,',',Anti-Allergy,Allergy & Immunology,https://www.newlifeimpex.com/anti-allergy-medicines.html#worm-wood-450-mg-capsules
Wormectin Ivermectin Tablets USP,100,Box,20 x 10 Tablets / Alu-Alu,Ivermectin,12mg,Tablet,Wormectin,Ventiz,Antiparasitic & Antimalarial,Anti-Infectives,https://www.newlifeimpex.com/anti-parasitic-and-anti-malarial-medicines.html#wormectin-ivermectin-tablets-usp
Xtane 25mg Exemestane Tablets,1060,Bottle,30 tablets,Exemestane,Exemestane,Tablet,Xtane,Natco,Anti-Cancer,Oncology,https://www.newlifeimpex.com/anti-cancer-medicines.html#xtane-25mg-exemestane-tablets
Zenicool 120 Mg Capsules,360,Strip,3*10 Capsules / Strip,Orlistat,Orlistate 120 mg · 120 mg,Capsule,Zenicool 120 mg,Kachela,Weight Loss & Anti-Diabetic,Metabolic & Endocrine,https://www.newlifeimpex.com/weight-loss-and-anti-diabetic-medicine.html#zenicool-120-mg-capsules
Zhewitra 40mg Tablets,50,Strip,1*10 / Box,',40mg,Tablet,',',Men's Health & Erectile Dysfunction,Men's Health,https://www.newlifeimpex.com/mens-health-erectile-dysfunction-drugs.html#zhewitra-40mg-tablets
Zilarbi CT 40 mg Tablets,188,Strip,10*10 Tablets / Strip,',40/12.5,Tablet,Zilarbi,',"Heart, Cholesterol & Hypertension",Cardiovascular,https://www.newlifeimpex.com/heart-health-cholesterol-hypertension-medicine.html#zilarbi-ct-40-mg-tablets
Zilarta CT 40 Tablet,153,Strip,10*10 Tablets / Strip,',40 mg,Tablet,Zilarta CT 40,',"Heart, Cholesterol & Hypertension",Cardiovascular,https://www.newlifeimpex.com/heart-health-cholesterol-hypertension-medicine.html#zilarta-ct-40-tablet
Zincorbia Zinc Chloride (2.09mg) injection,650,Kg,',',',Syrup or liquid,Zincorbia,',Anemia,Hematology,https://www.newlifeimpex.com/anemia-medicine.html#zincorbia-zinc-chloride-2-09mg-injection
Ziprasidone 40mg Zipranode Capsules,174,Box,10 capsules,Ziprasidone,Ziprasidone · 40 mg,Capsule,',',Anti-Anxiety & Depression,Mental Health & Neurology,https://www.newlifeimpex.com/anti-anxiety-and-depression-medicine.html#ziprasidone-40mg-zipranode-capsules
Ziprasidone Zipranode 40mg Capsule,185,Strip,10 capsules,Ziprasidone,40 mg,Capsule,',',Generic & Uncategorized,Other,https://www.newlifeimpex.com/pharmaceutical-tablet.html#ziprasidone-zipranode-40mg-capsule
Zoledronic Acid Natzold Injection,1500,Vial,Vial,',5 mg,Injection,Natco,',Generic & Uncategorized,Other,https://www.newlifeimpex.com/generic-medicine.html#zoledronic-acid-natzold-injection
Zopimaxx zopiclone 25 mg tablets,120,Strip,10*10 Tablets,Zopiclone,25 mg,Tablet,Zopimaxx 25 mg,Winlife,Anti-Anxiety & Depression,Mental Health & Neurology,https://www.newlifeimpex.com/anti-depressant-and-anit-anxiety.html#zopimaxx-zopiclone-25-mg-tablets
zoster aciclovir cream,53,Piece,5 gm,Acyclovir,Acyclovir,"Cream, gel, lotion",Zoster,',Skin Care,Dermatology & Hair,https://www.newlifeimpex.com/skin-care-products.html#zoster-aciclovir-cream
zucator 100 mg tablet,160,Strip,1*10 Tablets / Stripe,',',Tablet,Zucator 100 mg,Torrent,Weight Loss & Anti-Diabetic,Metabolic & Endocrine,https://www.newlifeimpex.com/weight-loss-and-anti-diabetic-medicine.html#zucator-100-mg-tablet
Zudena 100 Mg Tablet,400,Box,1 X 4,',100 mg,Tablet,zudena 100 mg,Sunrise,Men's Health & Erectile Dysfunction,Men's Health,https://www.newlifeimpex.com/mens-health-erectile-dysfunction-drugs.html#zudena-100-mg-tablet
Zyhcg HCG 10000 Injection,780,Piece,1 injection in 1 vial / Vial,Gonadotropin,10000iu,Injection,',Zydus Cadila,Infertility & Women’s Health,Women's Health,https://www.newlifeimpex.com/infertility-medicine-and-womens-health.html#zyhcg-hcg-10000-injection
Zyhcg HCG 5000 Injection,439,Vial,1 injection in 1 vial / Vial,Gonadotropin,5000iu,Injection,',Zydus Cadila,Infertility & Women’s Health,Women's Health,https://www.newlifeimpex.com/infertility-medicine-and-womens-health.html#zyhcg-hcg-5000-injection
Zytee 10 ml solution,119,Bottle,60 ml / Bottle,',3 %,Syrup or liquid,Zytee gel,Raptakos,Generic & Uncategorized,Other,https://www.newlifeimpex.com/generic-products.html#zytee-10-ml-solution
